Workbook

Sheet China_TWN_SIN_HKG_KR Dry
D1: LAWC FAK Guideline rates
D3: From | E3: To
A4: Validity period | B4: FAK | D4: 46256 | E4: 46265
D6: POD
D7: Manzanillo,MX | G7: Lazaro Cardenas, MX | J7: Callao, PE | M7: Coronel CL | P7: San Vicente CL | S7: Lirquen, CL | V7: San Antonio, CL | Y7: Valparaiso, CL | AB7: Buenaventura, CO | AE7: Guayaquil, EC | AH7: Posorja, EC | AK7: Iquique, CL | AN7: Antofagasta, CL | AQ7: Puerto Angamos, CL | AT7: Ensenada, MX | AW7: Puerto Quetzal, GT | AZ7: Rodman , PA | BC7: Panama City, PA (Door) (via Rodman, PA) | BF7: Arica, CL | BI7: Puerto Caldera, CR | BL7: Acajutla, SV | BO7: Corinto, NI | BR7: San Lorenzo CY/CY , HN (Via SVAQJ using Marex service - Trucking ) | BU7: San Lorenzo CY/CY, HN (Via NICIO using MAR service - Trucking)
D8: MXZLO | G8: MXLZC | J8: PECLL | M8: CLCNL | P8: CLSVE | S8: CLLQN | V8: CLSAI | Y8: CLVAP | AB8: COBUN | AE8: ECGYE | AH8: ECPSJ | AK8: CLIQQ | AN8: CLANF | AQ8: CLPAG | AT8: MXESE | AW8: GTPRQ | AZ8: PAROD | BC8: PAPTY | BF8: CLARI | BI8: CRCAL | BL8: SVAQJ | BO8: NICIO | BR8: HNSLO | BU8: HNSLO
A9: POR | B9: Via | C9: POR CODE | D9: 20' | E9: 40' | F9: HCD | G9: 20' | H9: 40' | I9: HCD | J9: 20' | K9: 40' | L9: HCD | M9: 20' | N9: 40' | O9: HCD | P9: 20' | Q9: 40' | R9: HCD | S9: 20' | T9: 40' | U9: HCD | V9: 20' | W9: 40' | X9: HCD | Y9: 20' | Z9: 40' | AA9: HCD | AB9: 20' | AC9: 40' | AD9: HCD | AE9: 20' | AF9: 40' | AG9: HCD | AK9: 20' | AL9: 40' | AM9: HCD | AN9: 20' | AO9: 40' | AP9: HCD | AQ9: 20' | AR9: 40' | AS9: HCD | AT9: 20' | AU9: 40' | AV9: HCD | AW9: 20' | AX9: 40' | AY9: HCD | AZ9: 20' | BA9: 40' | BB9: HCD | BC9: 20' | BD9: 40' | BE9: HCD | BF9: 20' | BG9: 40' | BH9: HCD | BI9: 20' | BJ9: 40' | BK9: HCD | BL9: 20' | BM9: 40' | BN9: HCD | BO9: 20' | BP9: 40' | BQ9: HCD | BR9: 20' | BS9: 40' | BT9: HCD | BU9: 20' | BV9: 40' | BW9: HCD
A10: Pusan | C10: KRPUS | D10: 7200 | E10: 7500 | F10: 7500 | G10: 7200 | H10: 7500 | I10: 7500 | J10: 7200 | K10: 7500 | L10: 7500 | M10: 7200 | N10: 7500 | O10: 7500 | P10: 7200 | Q10: 7500 | R10: 7500 | S10: 7200 | T10: 7500 | U10: 7500 | V10: 7200 | W10: 7500 | X10: 7500 | Y10: 7200 | Z10: 7500 | AA10: 7500 | AB10: 7200 | AC10: 7500 | AD10: 7500 | AE10: 7200 | AF10: 7500 | AG10: 7500 | AH10: 7000 | AI10: 7300 | AJ10: 7300 | AK10: 7500 | AL10: 7900 | AM10: 7900 | AN10: V | AO10: 1400 | AP10: 1400 | AQ10: 7840 | AR10: 8465 | AS10: 8465 | AT10: 7325 | AU10: 7700 | AV10: 7700 | AW10: 8200 | AX10: 8500 | AY10: 8500 | AZ10: 7800 | BA10: 8325 | BB10: 8325 | BC10: 7950 | BD10: 8375 | BE10: 8375 | BF10: 8025 | BG10: 8700 | BH10: 8700 | BI10: 8400 | BJ10: 8700 | BK10: 8700 | BL10: 8400 | BM10: 8700 | BN10: 8700 | BO10: 8400 | BP10: 8700 | BQ10: 8700 | BU10: =(BO10+2791)-100 -> 11091 | BV10: =(BP10+2791)-100 -> 11391 | BW10: =(BQ10+2791)-100 -> 11391
A11: Hong Kong | C11: HKHKG | D11: 7200 | E11: 7500 | F11: 7500 | G11: 7200 | H11: 7500 | I11: 7500 | J11: 7200 | K11: 7500 | L11: 7500 | M11: 7200 | N11: 7500 | O11: 7500 | P11: 7200 | Q11: 7500 | R11: 7500 | S11: 7200 | T11: 7500 | U11: 7500 | V11: 7200 | W11: 7500 | X11: 7500 | Y11: 7200 | Z11: 7500 | AA11: 7500 | AB11: 7200 | AC11: 7500 | AD11: 7500 | AE11: 7200 | AF11: 7500 | AG11: 7500 | AH11: 7000 | AI11: 7300 | AJ11: 7300 | AK11: 7500 | AL11: 7900 | AM11: 7900 | AN11: V | AO11: 1400 | AP11: 1400 | AQ11: 7840 | AR11: 8465 | AS11: 8465 | AT11: 7325 | AU11: 7700 | AV11: 7700 | AW11: 8200 | AX11: 8500 | AY11: 8500 | AZ11: 7800 | BA11: 8325 | BB11: 8325 | BC11: 7950 | BD11: 8375 | BE11: 8375 | BF11: 8025 | BG11: 8700 | BH11: 8700 | BI11: 8400 | BJ11: 8700 | BK11: 8700 | BL11: 8400 | BM11: 8700 | BN11: 8700 | BO11: 8400 | BP11: 8700 | BQ11: 8700 | BU11: =(BO11+2791)-100 -> 11091 | BV11: =(BP11+2791)-100 -> 11391 | BW11: =(BQ11+2791)-100 -> 11391
A12: Singapore | C12: SGSIN | D12: 7200 | E12: 7500 | F12: 7500 | G12: 7200 | H12: 7500 | I12: 7500 | J12: 7200 | K12: 7500 | L12: 7500 | M12: 7200 | N12: 7500 | O12: 7500 | P12: 7200 | Q12: 7500 | R12: 7500 | S12: 7200 | T12: 7500 | U12: 7500 | V12: 7200 | W12: 7500 | X12: 7500 | Y12: 7200 | Z12: 7500 | AA12: 7500 | AB12: 7200 | AC12: 7500 | AD12: 7500 | AE12: 7200 | AF12: 7500 | AG12: 7500 | AH12: 7000 | AI12: 7300 | AJ12: 7300 | AK12: 7500 | AL12: 7900 | AM12: 7900 | AN12: 1300 | AO12: 1400 | AP12: 1400 | AQ12: 7840 | AR12: 8465 | AS12: 8465 | AT12: 7325 | AU12: 7700 | AV12: 7700 | AW12: 8200 | AX12: 8500 | AY12: 8500 | AZ12: 7800 | BA12: 8325 | BB12: 8325 | BC12: 7950 | BD12: 8375 | BE12: 8375 | BF12: 8025 | BG12: 8700 | BH12: 8700 | BI12: 8400 | BJ12: 8700 | BK12: 8700 | BL12: 8400 | BM12: 8700 | BN12: 8700 | BO12: 8400 | BP12: 8700 | BQ12: 8700 | BU12: =(BO12+2791)-100 -> 11091 | BV12: =(BP12+2791)-100 -> 11391 | BW12: =(BQ12+2791)-100 -> 11391
A13: Shanghai | C13: CNSHA | D13: 7200 | E13: 7500 | F13: 7500 | G13: 7200 | H13: 7500 | I13: 7500 | J13: 7200 | K13: 7500 | L13: 7500 | M13: 7200 | N13: 7500 | O13: 7500 | P13: 7200 | Q13: 7500 | R13: 7500 | S13: 7200 | T13: 7500 | U13: 7500 | V13: 7200 | W13: 7500 | X13: 7500 | Y13: 7200 | Z13: 7500 | AA13: 7500 | AB13: 7200 | AC13: 7500 | AD13: 7500 | AE13: 7200 | AF13: 7500 | AG13: 7500 | AH13: 7000 | AI13: 7300 | AJ13: 7300 | AK13: 7500 | AL13: 7900 | AM13: 7900 | AN13: 1300 | AO13: 1400 | AP13: 1400 | AQ13: 7840 | AR13: 8465 | AS13: 8465 | AT13: 7325 | AU13: 7700 | AV13: 7700 | AW13: 8200 | AX13: 8500 | AY13: 8500 | AZ13: 7800 | BA13: 8325 | BB13: 8325 | BC13: 7950 | BD13: 8375 | BE13: 8375 | BF13: 8025 | BG13: 8700 | BH13: 8700 | BI13: 8400 | BJ13: 8700 | BK13: 8700 | BL13: 8400 | BM13: 8700 | BN13: 8700 | BO13: 8400 | BP13: 8700 | BQ13: 8700 | BU13: =(BO13+2791)-100 -> 11091 | BV13: =(BP13+2791)-100 -> 11391 | BW13: =(BQ13+2791)-100 -> 11391
A14: Ningbo | C14: CNNGB | D14: 7200 | E14: 7500 | F14: 7500 | G14: 7200 | H14: 7500 | I14: 7500 | J14: 7200 | K14: 7500 | L14: 7500 | M14: 7200 | N14: 7500 | O14: 7500 | P14: 7200 | Q14: 7500 | R14: 7500 | S14: 7200 | T14: 7500 | U14: 7500 | V14: 7200 | W14: 7500 | X14: 7500 | Y14: 7200 | Z14: 7500 | AA14: 7500 | AB14: 7200 | AC14: 7500 | AD14: 7500 | AE14: 7200 | AF14: 7500 | AG14: 7500 | AH14: 7000 | AI14: 7300 | AJ14: 7300 | AK14: 7500 | AL14: 7900 | AM14: 7900 | AN14: 1300 | AO14: 1400 | AP14: 1400 | AQ14: 7840 | AR14: 8465 | AS14: 8465 | AT14: 7325 | AU14: 7700 | AV14: 7700 | AW14: 8200 | AX14: 8500 | AY14: 8500 | AZ14: 7800 | BA14: 8325 | BB14: 8325 | BC14: 7950 | BD14: 8375 | BE14: 8375 | BF14: 8025 | BG14: 8700 | BH14: 8700 | BI14: 8400 | BJ14: 8700 | BK14: 8700 | BL14: 8400 | BM14: 8700 | BN14: 8700 | BO14: 8400 | BP14: 8700 | BQ14: 8700 | BU14: =(BO14+2791)-100 -> 11091 | BV14: =(BP14+2791)-100 -> 11391 | BW14: =(BQ14+2791)-100 -> 11391
A15: Yantian | C15: CNYTN | D15: 7200 | E15: 7500 | F15: 7500 | G15: 7200 | H15: 7500 | I15: 7500 | J15: 7200 | K15: 7500 | L15: 7500 | M15: 7200 | N15: 7500 | O15: 7500 | P15: 7200 | Q15: 7500 | R15: 7500 | S15: 7200 | T15: 7500 | U15: 7500 | V15: 7200 | W15: 7500 | X15: 7500 | Y15: 7200 | Z15: 7500 | AA15: 7500 | AB15: 7200 | AC15: 7500 | AD15: 7500 | AE15: 7200 | AF15: 7500 | AG15: 7500 | AH15: 7000 | AI15: 7300 | AJ15: 7300 | AK15: 7500 | AL15: 7900 | AM15: 7900 | AN15: 1300 | AO15: 1400 | AP15: 1400 | AQ15: 7840 | AR15: 8465 | AS15: 8465 | AT15: 7325 | AU15: 7700 | AV15: 7700 | AW15: 8200 | AX15: 8500 | AY15: 8500 | AZ15: 7800 | BA15: 8325 | BB15: 8325 | BC15: 7950 | BD15: 8375 | BE15: 8375 | BF15: 8025 | BG15: 8700 | BH15: 8700 | BI15: 8400 | BJ15: 8700 | BK15: 8700 | BL15: 8400 | BM15: 8700 | BN15: 8700 | BO15: 8400 | BP15: 8700 | BQ15: 8700 | BU15: =(BO15+2791)-100 -> 11091 | BV15: =(BP15+2791)-100 -> 11391 | BW15: =(BQ15+2791)-100 -> 11391
A16: Shekou | C16: CNSHK | D16: 7200 | E16: 7500 | F16: 7500 | G16: 7200 | H16: 7500 | I16: 7500 | J16: 7200 | K16: 7500 | L16: 7500 | M16: 7200 | N16: 7500 | O16: 7500 | P16: 7200 | Q16: 7500 | R16: 7500 | S16: 7200 | T16: 7500 | U16: 7500 | V16: 7200 | W16: 7500 | X16: 7500 | Y16: 7200 | Z16: 7500 | AA16: 7500 | AB16: 7200 | AC16: 7500 | AD16: 7500 | AE16: 7200 | AF16: 7500 | AG16: 7500 | AH16: 7000 | AI16: 7300 | AJ16: 7300 | AK16: 7500 | AL16: 7900 | AM16: 7900 | AN16: 1300 | AO16: 1400 | AP16: 1400 | AQ16: 7840 | AR16: 8465 | AS16: 8465 | AT16: 7325 | AU16: 7700 | AV16: 7700 | AW16: 8200 | AX16: 8500 | AY16: 8500 | AZ16: 7800 | BA16: 8325 | BB16: 8325 | BC16: 7950 | BD16: 8375 | BE16: 8375 | BF16: 8025 | BG16: 8700 | BH16: 8700 | BI16: 8400 | BJ16: 8700 | BK16: 8700 | BL16: 8400 | BM16: 8700 | BN16: 8700 | BO16: 8400 | BP16: 8700 | BQ16: 8700 | BU16: =(BO16+2791)-100 -> 11091 | BV16: =(BP16+2791)-100 -> 11391 | BW16: =(BQ16+2791)-100 -> 11391
A17: Xiamen | C17: CNXMN | D17: 7200 | E17: 7500 | F17: 7500 | G17: 7200 | H17: 7500 | I17: 7500 | J17: 7200 | K17: 7500 | L17: 7500 | M17: 7200 | N17: 7500 | O17: 7500 | P17: 7200 | Q17: 7500 | R17: 7500 | S17: 7200 | T17: 7500 | U17: 7500 | V17: 7200 | W17: 7500 | X17: 7500 | Y17: 7200 | Z17: 7500 | AA17: 7500 | AB17: 7200 | AC17: 7500 | AD17: 7500 | AE17: 7200 | AF17: 7500 | AG17: 7500 | AH17: 7000 | AI17: 7300 | AJ17: 7300 | AK17: 7500 | AL17: 7900 | AM17: 7900 | AN17: 1300 | AO17: 1400 | AP17: 1400 | AQ17: 7840 | AR17: 8465 | AS17: 8465 | AT17: 7325 | AU17: 7700 | AV17: 7700 | AW17: 8200 | AX17: 8500 | AY17: 8500 | AZ17: 7800 | BA17: 8325 | BB17: 8325 | BC17: 7950 | BD17: 8375 | BE17: 8375 | BF17: 8025 | BG17: 8700 | BH17: 8700 | BI17: 8400 | BJ17: 8700 | BK17: 8700 | BL17: 8400 | BM17: 8700 | BN17: 8700 | BO17: 8400 | BP17: 8700 | BQ17: 8700 | BU17: =(BO17+2791)-100 -> 11091 | BV17: =(BP17+2791)-100 -> 11391 | BW17: =(BQ17+2791)-100 -> 11391
A18: Keelung | C18: TWKEL | D18: 7200 | E18: 7500 | F18: 7500 | G18: 7200 | H18: 7500 | I18: 7500 | J18: 7200 | K18: 7500 | L18: 7500 | M18: 7200 | N18: 7500 | O18: 7500 | P18: 7200 | Q18: 7500 | R18: 7500 | S18: 7200 | T18: 7500 | U18: 7500 | V18: 7200 | W18: 7500 | X18: 7500 | Y18: 7200 | Z18: 7500 | AA18: 7500 | AB18: 7200 | AC18: 7500 | AD18: 7500 | AE18: 7200 | AF18: 7500 | AG18: 7500 | AH18: 7000 | AI18: 7300 | AJ18: 7300 | AK18: 7500 | AL18: 7900 | AM18: 7900 | AN18: 1300 | AO18: 1400 | AP18: 1400 | AQ18: 7675 | AR18: 8465 | AS18: 8465 | AT18: 7325 | AU18: 7700 | AV18: 7700 | AW18: 8200 | AX18: 8500 | AY18: 8500 | AZ18: 7800 | BA18: 8325 | BB18: 8325 | BC18: 7950 | BD18: 8375 | BE18: 8375 | BF18: 8025 | BG18: 8700 | BH18: 8700 | BI18: 8400 | BJ18: 8700 | BK18: 8700 | BL18: 8400 | BM18: 8700 | BN18: 8700 | BO18: 8400 | BP18: 8700 | BQ18: 8700 | BU18: =(BO18+2791)-100 -> 11091 | BV18: =(BP18+2791)-100 -> 11391 | BW18: =(BQ18+2791)-100 -> 11391
A19: Kaohsiung | C19: TWKHH | D19: 7200 | E19: 7500 | F19: 7500 | G19: 7200 | H19: 7500 | I19: 7500 | J19: 7200 | K19: 7500 | L19: 7500 | M19: 7200 | N19: 7500 | O19: 7500 | P19: 7200 | Q19: 7500 | R19: 7500 | S19: 7200 | T19: 7500 | U19: 7500 | V19: 7200 | W19: 7500 | X19: 7500 | Y19: 7200 | Z19: 7500 | AA19: 7500 | AB19: 7200 | AC19: 7500 | AD19: 7500 | AE19: 7200 | AF19: 7500 | AG19: 7500 | AH19: 7000 | AI19: 7300 | AJ19: 7300 | AK19: 7500 | AL19: 7900 | AM19: 7900 | AN19: 1300 | AO19: 1400 | AP19: 1400 | AQ19: 7675 | AR19: 8465 | AS19: 8465 | AT19: 7325 | AU19: 7700 | AV19: 7700 | AW19: 8200 | AX19: 8500 | AY19: 8500 | AZ19: 7800 | BA19: 8325 | BB19: 8325 | BC19: 7950 | BD19: 8375 | BE19: 8375 | BF19: 8025 | BG19: 8700 | BH19: 8700 | BI19: 8400 | BJ19: 8700 | BK19: 8700 | BL19: 8400 | BM19: 8700 | BN19: 8700 | BO19: 8400 | BP19: 8700 | BQ19: 8700 | BU19: =(BO19+2791)-100 -> 11091 | BV19: =(BP19+2791)-100 -> 11391 | BW19: =(BQ19+2791)-100 -> 11391
A20: Taichung | C20: TWTXG | D20: 7200 | E20: 7500 | F20: 7500 | G20: 7200 | H20: 7500 | I20: 7500 | J20: 7200 | K20: 7500 | L20: 7500 | M20: 7200 | N20: 7500 | O20: 7500 | P20: 7200 | Q20: 7500 | R20: 7500 | S20: 7200 | T20: 7500 | U20: 7500 | V20: 7200 | W20: 7500 | X20: 7500 | Y20: 7200 | Z20: 7500 | AA20: 7500 | AB20: 7200 | AC20: 7500 | AD20: 7500 | AE20: 7200 | AF20: 7500 | AG20: 7500 | AH20: 7000 | AI20: 7300 | AJ20: 7300 | AK20: 7500 | AL20: 7900 | AM20: 7900 | AN20: 1300 | AO20: 1400 | AP20: 1400 | AQ20: 7675 | AR20: 8465 | AS20: 8465 | AT20: 7325 | AU20: 7700 | AV20: 7700 | AW20: 8200 | AX20: 8500 | AY20: 8500 | AZ20: 7800 | BA20: 8325 | BB20: 8325 | BC20: 7950 | BD20: 8375 | BE20: 8375 | BF20: 8025 | BG20: 8700 | BH20: 8700 | BI20: 8400 | BJ20: 8700 | BK20: 8700 | BL20: 8400 | BM20: 8700 | BN20: 8700 | BO20: 8400 | BP20: 8700 | BQ20: 8700 | BU20: =(BO20+2791)-100 -> 11091 | BV20: =(BP20+2791)-100 -> 11391 | BW20: =(BQ20+2791)-100 -> 11391
A21: Taoyuan | C21: TWTYN | D21: 7200 | E21: 7500 | F21: 7500 | G21: 7200 | H21: 7500 | I21: 7500 | J21: 7200 | K21: 7500 | L21: 7500 | M21: 7200 | N21: 7500 | O21: 7500 | P21: 7200 | Q21: 7500 | R21: 7500 | S21: 7200 | T21: 7500 | U21: 7500 | V21: 7200 | W21: 7500 | X21: 7500 | Y21: 7200 | Z21: 7500 | AA21: 7500 | AB21: 7200 | AC21: 7500 | AD21: 7500 | AE21: 7200 | AF21: 7500 | AG21: 7500 | AH21: 7000 | AI21: 7300 | AJ21: 7300 | AK21: 7500 | AL21: 7900 | AM21: 7900 | AN21: 1300 | AO21: 1400 | AP21: 1400 | AQ21: 7675 | AR21: 8465 | AS21: 8465 | AT21: 7325 | AU21: 7700 | AV21: 7700 | AW21: 8200 | AX21: 8500 | AY21: 8500 | AZ21: 7800 | BA21: 8325 | BB21: 8325 | BC21: 7950 | BD21: 8375 | BE21: 8375 | BF21: 8025 | BG21: 8700 | BH21: 8700 | BI21: 8400 | BJ21: 8700 | BK21: 8700 | BL21: 8400 | BM21: 8700 | BN21: 8700 | BO21: 8400 | BP21: 8700 | BQ21: 8700 | BU21: =(BO21+2791)-100 -> 11091 | BV21: =(BP21+2791)-100 -> 11391 | BW21: =(BQ21+2791)-100 -> 11391
A22: Dalian | C22: CNDLC | D22: 7200 | E22: 7500 | F22: 7500 | G22: 7200 | H22: 7500 | I22: 7500 | J22: 7200 | K22: 7500 | L22: 7500 | M22: 7200 | N22: 7500 | O22: 7500 | P22: 7200 | Q22: 7500 | R22: 7500 | S22: 7200 | T22: 7500 | U22: 7500 | V22: 7200 | W22: 7500 | X22: 7500 | Y22: 7200 | Z22: 7500 | AA22: 7500 | AB22: 7200 | AC22: 7500 | AD22: 7500 | AE22: 7200 | AF22: 7500 | AG22: 7500 | AH22: 7000 | AI22: 7300 | AJ22: 7300 | AK22: 7500 | AL22: 7900 | AM22: 7900 | AN22: 1300 | AO22: 1400 | AP22: 1400 | AQ22: 7840 | AR22: 8465 | AS22: 8465 | AT22: 7325 | AU22: 7700 | AV22: 7700 | AW22: 8200 | AX22: 8500 | AY22: 8500 | AZ22: 7800 | BA22: 8325 | BB22: 8325 | BC22: 7950 | BD22: 8375 | BE22: 8375 | BF22: 8025 | BG22: 8700 | BH22: 8700 | BI22: 8400 | BJ22: 8700 | BK22: 8700 | BL22: 8400 | BM22: 8700 | BN22: 8700 | BO22: 8400 | BP22: 8700 | BQ22: 8700 | BU22: =(BO22+2791)-100 -> 11091 | BV22: =(BP22+2791)-100 -> 11391 | BW22: =(BQ22+2791)-100 -> 11391
A23: Xingang | C23: CNTXG | D23: 7270 | E23: 7600 | F23: 7600 | G23: 7270 | H23: 7600 | I23: 7600 | J23: 7270 | K23: 7600 | L23: 7600 | M23: 7270 | N23: 7600 | O23: 7600 | P23: 7270 | Q23: 7600 | R23: 7600 | S23: 7270 | T23: 7600 | U23: 7600 | V23: 7270 | W23: 7600 | X23: 7600 | Y23: 7270 | Z23: 7600 | AA23: 7600 | AB23: 7270 | AC23: 7600 | AD23: 7600 | AE23: 7270 | AF23: 7600 | AG23: 7600 | AH23: 7070 | AI23: 7400 | AJ23: 7400 | AK23: 7570 | AL23: 8000 | AM23: 8000 | AN23: 1300 | AO23: 1400 | AP23: 1400 | AQ23: 7910 | AR23: 8565 | AS23: 8565 | AT23: 7395 | AU23: 7800 | AV23: 7800 | AW23: 8270 | AX23: 8600 | AY23: 8600 | AZ23: 7870 | BA23: 8425 | BB23: 8425 | BC23: 8020 | BD23: 8475 | BE23: 8475 | BF23: 8095 | BG23: 8800 | BH23: 8800 | BI23: 8470 | BJ23: 8800 | BK23: 8800 | BL23: 8470 | BM23: 8800 | BN23: 8800 | BO23: 8470 | BP23: 8800 | BQ23: 8800 | BU23: =(BO23+2791)-100 -> 11161 | BV23: =(BP23+2791)-100 -> 11491 | BW23: =(BQ23+2791)-100 -> 11491
... A26: Changsha | C26: CNCSX | D26: 7475 | E26: 8100 | F26: 8100 | G26: 7525 | H26: 8100 | I26: 8100 | J26: 7475 | K26: 8100 | L26: 8100 | M26: 7475 | N26: 8100 | O26: 8100 | P26: 7475 | Q26: 8100 | R26: 8100 | S26: 7475 | T26: 8100 | U26: 8100 | V26: 7475 | W26: 8100 | X26: 8100 | Y26: 7475 | Z26: 8100 | AA26: 8100 | AB26: 7475 | AC26: 8100 | AD26: 8100 | AE26: 7475 | AF26: 8100 | AG26: 8100 | AH26: 7325 | AI26: 7900 | AJ26: 7900 | AK26: 7825 | AL26: 8500 | AM26: 8500 | AN26: 1300 | AO26: 1400 | AP26: 1400 | AQ26: 8165 | AR26: 9065 | AS26: 9065 | AT26: 7650 | AU26: 8300 | AV26: 8300 | AW26: 8525 | AX26: 9100 | AY26: 9100 | AZ26: 8125 | BA26: 8925 | BB26: 8925 | BC26: 8275 | BD26: 8975 | BE26: 8975 | BF26: 8350 | BG26: 9300 | BH26: 9300 | BI26: 8725 | BJ26: 9300 | BK26: 9300 | BL26: 8725 | BM26: 9300 | BN26: 9300 | BO26: 8725 | BP26: 9300 | BQ26: 9300 | BU26: =(BO26+2791)-100 -> 11416 | BV26: =(BP26+2791)-100 -> 11991 | BW26: =(BQ26+2791)-100 -> 11991
A27: Changzhou | B27: Barge via Sha | C27: CNCZX | D27: 7425 | E27: 7875 | F27: 7875 | G27: 7400 | H27: 7800 | I27: 7800 | J27: 7425 | K27: 7875 | L27: 7875 | M27: 7425 | N27: 7875 | O27: 7875 | P27: 7425 | Q27: 7875 | R27: 7875 | S27: 7425 | T27: 7875 | U27: 7875 | V27: 7425 | W27: 7875 | X27: 7875 | Y27: 7425 | Z27: 7875 | AA27: 7875 | AB27: 7425 | AC27: 7875 | AD27: 7875 | AE27: 7425 | AF27: 7875 | AG27: 7875 | AH27: 7200 | AI27: 7600 | AJ27: 7600 | AK27: 7700 | AL27: 8200 | AM27: 8200 | AN27: 1300 | AO27: 1400 | AP27: 1400 | AQ27: 8040 | AR27: 8765 | AS27: 8765 | AT27: 7525 | AU27: 8000 | AV27: 8000 | AW27: 8400 | AX27: 8800 | AY27: 8800 | AZ27: 8000 | BA27: 8625 | BB27: 8625 | BC27: 8150 | BD27: 8675 | BE27: 8675 | BF27: 8225 | BG27: 9000 | BH27: 9000 | BI27: 8600 | BJ27: 9000 | BK27: 9000 | BL27: 8600 | BM27: 9000 | BN27: 9000 | BO27: 8600 | BP27: 9000 | BQ27: 9000 | BU27: =(BO27+2791)-100 -> 11291 | BV27: =(BP27+2791)-100 -> 11691 | BW27: =(BQ27+2791)-100 -> 11691
A28: Chengdu | B28: via CNYTN RAIL | C28: CNCTU | D28: 7800 | E28: 8250 | F28: 8250 | G28: 7800 | H28: 8250 | I28: 8250 | J28: 7800 | K28: 8250 | L28: 8250 | M28: 7800 | N28: 8250 | O28: 8250 | P28: 7800 | Q28: 8250 | R28: 8250 | S28: 7800 | T28: 8250 | U28: 8250 | V28: 7800 | W28: 8250 | X28: 8250 | Y28: 7800 | Z28: 8250 | AA28: 8250 | AB28: 7800 | AC28: 8250 | AD28: 8250 | AE28: 7800 | AF28: 8250 | AG28: 8250 | AH28: 7600 | AI28: 8050 | AJ28: 8050 | AK28: 8100 | AL28: 8650 | AM28: 8650 | AN28: 800 | AO28: 800 | AP28: 800 | AQ28: 8440 | AR28: 9215 | AS28: 9215 | AT28: 7925 | AU28: 8450 | AV28: 8450 | AW28: 8800 | AX28: 9250 | AY28: 9250 | AZ28: 8400 | BA28: 9075 | BB28: 9075 | BC28: 8550 | BD28: 9125 | BE28: 9125 | BF28: 8625 | BG28: 9450 | BH28: 9450 | BI28: 9000 | BJ28: 9450 | BK28: 9450 | BL28: 9000 | BM28: 9450 | BN28: 9450 | BO28: 9000 | BP28: 9450 | BQ28: 9450 | BU28: =(BO28+2791)-100 -> 11691 | BV28: =(BP28+2791)-100 -> 12141 | BW28: =(BQ28+2791)-100 -> 12141
A29: Chongqing | B29: Via SHA BARGE | C29: CNCKG | D29: 7500 | E29: 8420 | F29: 8350 | G29: 7375 | H29: 8395 | I29: 8325 | J29: 7500 | K29: 8420 | L29: 8350 | M29: 7500 | N29: 8420 | O29: 8350 | P29: 7500 | Q29: 8420 | R29: 8350 | S29: 7500 | T29: 8420 | U29: 8350 | V29: 7500 | W29: 8420 | X29: 8350 | Y29: 7500 | Z29: 8420 | AA29: 8350 | AB29: 7500 | AC29: 8420 | AD29: 8350 | AE29: 7500 | AF29: 8420 | AG29: 8350 | AH29: 7175 | AI29: 8195 | AJ29: 8125 | AK29: 7675 | AL29: 8795 | AM29: 8725 | AN29: 1300 | AO29: 1400 | AP29: 1400 | AQ29: 8015 | AR29: 9360 | AS29: 9290 | AT29: 7500 | AU29: 8595 | AV29: 8525 | AW29: 8375 | AX29: 9395 | AY29: 9325 | AZ29: 7975 | BA29: 9220 | BB29: 9150 | BC29: 8125 | BD29: 9270 | BE29: 9200 | BF29: 8200 | BG29: 9595 | BH29: 9525 | BI29: 8575 | BJ29: 9595 | BK29: 9525 | BL29: 8575 | BM29: 9595 | BN29: 9525 | BO29: 8575 | BP29: 9595 | BQ29: 9525 | BU29: =(BO29+2791)-100 -> 11266 | BV29: =(BP29+2791)-100 -> 12286 | BW29: =(BQ29+2791)-100 -> 12216
A30: Chongqing | B30: Via NGB RAIL | C30: CNCKG | D30: 7900 | E30: 8520 | F30: 8450 | G30: 7900 | H30: 8520 | I30: 8450 | J30: 7900 | K30: 8520 | L30: 8450 | M30: 7900 | N30: 8520 | O30: 8450 | P30: 7900 | Q30: 8520 | R30: 8450 | S30: 7900 | T30: 8520 | U30: 8450 | V30: 7900 | W30: 8520 | X30: 8450 | Y30: 7900 | Z30: 8520 | AA30: 8450 | AB30: 7900 | AC30: 8520 | AD30: 8450 | AE30: 7900 | AF30: 8520 | AG30: 8450 | AH30: 7700 | AI30: 8320 | AJ30: 8250 | AK30: 8200 | AL30: 8920 | AM30: 8850 | AN30: 1300 | AO30: 1400 | AP30: 1400 | AQ30: 8540 | AR30: 9485 | AS30: 9415 | AT30: 8025 | AU30: 8720 | AV30: 8650 | AW30: 8900 | AX30: 9520 | AY30: 9450 | AZ30: 8500 | BA30: 9345 | BB30: 9275 | BC30: 8650 | BD30: 9395 | BE30: 9325 | BF30: 8725 | BG30: 9720 | BH30: 9650 | BI30: 9100 | BJ30: 9720 | BK30: 9650 | BL30: 9100 | BM30: 9720 | BN30: 9650 | BO30: 9100 | BP30: 9720 | BQ30: 9650 | BU30: =(BO30+2791)-100 -> 11791 | BV30: =(BP30+2791)-100 -> 12411 | BW30: =(BQ30+2791)-100 -> 12341
A31: Chongqing | B31: Via YTN RAIL (move in pair only for D2) | C31: CNCKG | D31: 8200 | E31: 8450 | F31: 8450 | G31: 8200 | H31: 8450 | I31: 8450 | J31: 8200 | K31: 8450 | L31: 8450 | M31: 8200 | N31: 8450 | O31: 8450 | P31: 8200 | Q31: 8450 | R31: 8450 | S31: 8200 | T31: 8450 | U31: 8450 | V31: 8200 | W31: 8450 | X31: 8450 | Y31: 8200 | Z31: 8450 | AA31: 8450 | AB31: 8200 | AC31: 8450 | AD31: 8450 | AE31: 8200 | AF31: 8450 | AG31: 8450 | AH31: 8000 | AI31: 8250 | AJ31: 8250 | AK31: 8500 | AL31: 8850 | AM31: 8850 | AN31: 1300 | AO31: 1400 | AP31: 1400 | AQ31: 8840 | AR31: 9415 | AS31: 9415 | AT31: 8325 | AU31: 8650 | AV31: 8650 | AW31: 9200 | AX31: 9450 | AY31: 9450 | AZ31: 8800 | BA31: 9275 | BB31: 9275 | BC31: 8950 | BD31: 9325 | BE31: 9325 | BF31: 9025 | BG31: 9650 | BH31: 9650 | BI31: 9400 | BJ31: 9650 | BK31: 9650 | BL31: 9400 | BM31: 9650 | BN31: 9650 | BO31: 9400 | BP31: 9650 | BQ31: 9650 | BU31: =((BO31+2791)+150)-100 -> 12241 | BV31: =((BP31+2791)+150)-100 -> 12491 | BW31: =((BQ31+2791)+150)-100 -> 12491
A32: Changshu | C32: CNCGU | D32: 7375 | E32: 7750 | F32: 7750 | G32: 7375 | H32: 7750 | I32: 7750 | J32: 7375 | K32: 7750 | L32: 7750 | M32: 7375 | N32: 7750 | O32: 7750 | P32: 7375 | Q32: 7750 | R32: 7750 | S32: 7375 | T32: 7750 | U32: 7750 | V32: 7375 | W32: 7750 | X32: 7750 | Y32: 7375 | Z32: 7750 | AA32: 7750 | AB32: 7375 | AC32: 7750 | AD32: 7750 | AE32: 7375 | AF32: 7750 | AG32: 7750 | AH32: 7175 | AI32: 7550 | AJ32: 7550 | AK32: 7675 | AL32: 8150 | AM32: 8150 | AN32: 1300 | AO32: 1400 | AP32: 1400 | AQ32: 8015 | AR32: 8715 | AS32: 8715 | AT32: 7500 | AU32: 7950 | AV32: 7950 | AW32: 8375 | AX32: 8750 | AY32: 8750 | AZ32: 7975 | BA32: 8575 | BB32: 8575 | BC32: 8125 | BD32: 8625 | BE32: 8625 | BF32: 8200 | BG32: 8950 | BH32: 8950 | BI32: 8575 | BJ32: 8950 | BK32: 8950 | BL32: 8575 | BM32: 8950 | BN32: 8950 | BO32: 8575 | BP32: 8950 | BQ32: 8950 | BU32: =(BO32+2791)-100 -> 11266 | BV32: =(BP32+2791)-100 -> 11641 | BW32: =(BQ32+2791)-100 -> 11641
A33: Changxing | B33: Via NGB Barge | C33: CNCH1 | D33: 7800 | E33: 8150 | F33: 8150 | G33: 7800 | H33: 8150 | I33: 8150 | J33: 7800 | K33: 8150 | L33: 8150 | M33: 7800 | N33: 8150 | O33: 8150 | P33: 7800 | Q33: 8150 | R33: 8150 | S33: 7800 | T33: 8150 | U33: 8150 | V33: 7800 | W33: 8150 | X33: 8150 | Y33: 7800 | Z33: 8150 | AA33: 8150 | AB33: 7800 | AC33: 8150 | AD33: 8150 | AE33: 7800 | AF33: 8150 | AG33: 8150 | AH33: 7600 | AI33: 7950 | AJ33: 7950 | AK33: 8100 | AL33: 8550 | AM33: 8550 | AN33: 1300 | AO33: 1400 | AP33: 1400 | AQ33: 8440 | AR33: 9115 | AS33: 9115 | AT33: 7925 | AU33: 8350 | AV33: 8350 | AW33: 8900 | AX33: 9250 | AY33: 9250 | AZ33: 8400 | BA33: 8975 | BB33: 8975 | BC33: 8550 | BD33: 9025 | BE33: 9025 | BF33: 8625 | BG33: 9350 | BH33: 9350 | BI33: 9100 | BJ33: 9450 | BK33: 9450 | BL33: 9100 | BM33: 9450 | BN33: 9450 | BO33: 9100 | BP33: 9450 | BQ33: 9450 | BU33: =(BO33+2791)-100 -> 11791 | BV33: =(BP33+2791)-100 -> 12141 | BW33: =(BQ33+2791)-100 -> 12141
A34: Huzhou | B34: Via NGB rail | C34: CNHUZ | D34: 7915 | E34: 8230 | F34: 8230 | G34: 7915 | H34: 8230 | I34: 8230 | J34: 7915 | K34: 8230 | L34: 8230 | M34: 7915 | N34: 8230 | O34: 8230 | P34: 7915 | Q34: 8230 | R34: 8230 | S34: 7915 | T34: 8230 | U34: 8230 | V34: 7915 | W34: 8230 | X34: 8230 | Y34: 7915 | Z34: 8230 | AA34: 8230 | AB34: 7915 | AC34: 8230 | AD34: 8230 | AE34: 7915 | AF34: 8230 | AG34: 8230 | AH34: 7715 | AI34: 8030 | AJ34: 8030 | AK34: 8215 | AL34: 8630 | AM34: 8630 | AN34: 1300 | AO34: 1400 | AP34: 1400 | AQ34: 8555 | AR34: 9195 | AS34: 9195 | AT34: 8040 | AU34: 8430 | AV34: 8430 | AW34: 9015 | AX34: 9330 | AY34: 9330 | AZ34: 8515 | BA34: 9055 | BB34: 9055 | BC34: 8665 | BD34: 9105 | BE34: 9105 | BF34: 8740 | BG34: 9430 | BH34: 9430 | BI34: 9215 | BJ34: 9530 | BK34: 9530 | BL34: 9215 | BM34: 9530 | BN34: 9530 | BO34: 9215 | BP34: 9530 | BQ34: 9530 | BU34: =(BO34+2791)-100 -> 11906 | BV34: =(BP34+2791)-100 -> 12221 | BW34: =(BQ34+2791)-100 -> 12221
A35: Fuzhou/ Fuqing | C35: CNFOC/ CNFUG | D35: 7300 | E35: 7700 | F35: 7700 | G35: 7300 | H35: 7700 | I35: 7700 | J35: 7300 | K35: 7700 | L35: 7700 | M35: 7300 | N35: 7700 | O35: 7700 | P35: 7300 | Q35: 7700 | R35: 7700 | S35: 7300 | T35: 7700 | U35: 7700 | V35: 7300 | W35: 7700 | X35: 7700 | Y35: 7300 | Z35: 7700 | AA35: 7700 | AB35: 7300 | AC35: 7700 | AD35: 7700 | AE35: 7300 | AF35: 7700 | AG35: 7700 | AH35: 7100 | AI35: 7500 | AJ35: 7500 | AK35: 7600 | AL35: 8100 | AM35: 8100 | AN35: 1300 | AO35: 1400 | AP35: 1400 | AQ35: 7940 | AR35: 8665 | AS35: 8665 | AT35: 7425 | AU35: 7900 | AV35: 7900 | AW35: 8300 | AX35: 8700 | AY35: 8700 | AZ35: 7900 | BA35: 8525 | BB35: 8525 | BC35: 8050 | BD35: 8575 | BE35: 8575 | BF35: 8125 | BG35: 8900 | BH35: 8900 | BI35: 8500 | BJ35: 8900 | BK35: 8900 | BL35: 8500 | BM35: 8900 | BN35: 8900 | BO35: 8500 | BP35: 8900 | BQ35: 8900 | BU35: =(BO35+2791)-100 -> 11191 | BV35: =(BP35+2791)-100 -> 11591 | BW35: =(BQ35+2791)-100 -> 11591
A36: Foshan | C36: CNFOS | D36: 7350 | E36: 7750 | F36: 7750 | G36: 7350 | H36: 7750 | I36: 7750 | J36: 7350 | K36: 7750 | L36: 7750 | M36: 7350 | N36: 7750 | O36: 7750 | P36: 7350 | Q36: 7750 | R36: 7750 | S36: 7350 | T36: 7750 | U36: 7750 | V36: 7350 | W36: 7750 | X36: 7750 | Y36: 7350 | Z36: 7750 | AA36: 7750 | AB36: 7350 | AC36: 7750 | AD36: 7750 | AE36: 7350 | AF36: 7750 | AG36: 7750 | AH36: 7150 | AI36: 7550 | AJ36: 7550 | AK36: 7650 | AL36: 8150 | AM36: 8150 | AN36: 1300 | AO36: 1400 | AP36: 1400 | AQ36: 7990 | AR36: 8715 | AS36: 8715 | AT36: 7475 | AU36: 7950 | AV36: 7950 | AW36: 8350 | AX36: 8750 | AY36: 8750 | AZ36: 7950 | BA36: 8575 | BB36: 8575 | BC36: 8100 | BD36: 8625 | BE36: 8625 | BF36: 8175 | BG36: 8950 | BH36: 8950 | BI36: 8550 | BJ36: 8950 | BK36: 8950 | BL36: 8550 | BM36: 8950 | BN36: 8950 | BO36: 8550 | BP36: 8950 | BQ36: 8950 | BU36: =(BO36+2791)-100 -> 11241 | BV36: =(BP36+2791)-100 -> 11641 | BW36: =(BQ36+2791)-100 -> 11641
D37: 1400 | E37: 1500 | F37: 1500 | G37: 1400 | H37: 1500 | I37: 1500 | J37: 1400 | K37: 1500 | L37: 1500 | M37: 1400 | N37: 1500 | O37: 1500 | P37: 1400 | Q37: 1500 | R37: 1500 | S37: 1400 | T37: 1500 | U37: 1500 | V37: 1400 | W37: 1500 | X37: 1500 | Y37: 1400 | Z37: 1500 | AA37: 1500 | AB37: 1400 | AC37: 1500 | AD37: 1500 | AE37: 1400 | AF37: 1500 | AG37: 1500 | AH37: 1200 | AI37: 1300 | AJ37: 1300 | AK37: 1400 | AL37: 1500 | AM37: 1500 | AN37: 1400 | AO37: 1500 | AP37: 1500 | AQ37: 1400 | AR37: 1500 | AS37: 1500 | AT37: 1400 | AU37: 1500 | AV37: 1500 | AW37: 1500 | AX37: 1500 | AY37: 1500 | AZ37: 1400 | BA37: 1500 | BB37: 1500 | BC37: 1400 | BD37: 1500 | BE37: 1500 | BF37: 1400 | BG37: 1500 | BH37: 1500 | BI37: 1700 | BJ37: 1700 | BK37: 1700 | BL37: 1700 | BM37: 1700 | BN37: 1700 | BO37: 1700 | BP37: 1700 | BQ37: 1700
A38: Sanshui | C38: CNSJQ | D38: 7350 | E38: 7750 | F38: 7750 | G38: 7350 | H38: 7750 | I38: 7750 | J38: 7350 | K38: 7750 | L38: 7750 | M38: 7350 | N38: 7750 | O38: 7750 | P38: 7350 | Q38: 7750 | R38: 7750 | S38: 7350 | T38: 7750 | U38: 7750 | V38: 7350 | W38: 7750 | X38: 7750 | Y38: 7350 | Z38: 7750 | AA38: 7750 | AB38: 7350 | AC38: 7750 | AD38: 7750 | AE38: 7350 | AF38: 7750 | AG38: 7750 | AH38: 7150 | AI38: 7550 | AJ38: 7550 | AK38: 7650 | AL38: 8150 | AM38: 8150 | AN38: 1300 | AO38: 1400 | AP38: 1400 | AQ38: 7990 | AR38: 8715 | AS38: 8715 | AT38: 7475 | AU38: 7950 | AV38: 7950 | AW38: 8350 | AX38: 8750 | AY38: 8750 | AZ38: 7950 | BA38: 8575 | BB38: 8575 | BC38: 8100 | BD38: 8625 | BE38: 8625 | BF38: 8175 | BG38: 8950 | BH38: 8950 | BI38: 8550 | BJ38: 8950 | BK38: 8950 | BL38: 8550 | BM38: 8950 | BN38: 8950 | BO38: 8550 | BP38: 8950 | BQ38: 8950 | BR38: -100 | BS38: -100 | BT38: -100 | BU38: =(BO38+2791)-100 -> 11241 | BV38: =(BP38+2791)-100 -> 11641 | BW38: =(BQ38+2791)-100 -> 11641
A39: Beijiao | C39: CNYQS | D39: 7275 | E39: 7650 | F39: 7650 | G39: 7275 | H39: 7650 | I39: 7650 | J39: 7275 | K39: 7650 | L39: 7650 | M39: 7275 | N39: 7650 | O39: 7650 | P39: 7275 | Q39: 7650 | R39: 7650 | S39: 7275 | T39: 7650 | U39: 7650 | V39: 7275 | W39: 7650 | X39: 7650 | Y39: 7275 | Z39: 7650 | AA39: 7650 | AB39: 7275 | AC39: 7650 | AD39: 7650 | AE39: 7275 | AF39: 7650 | AG39: 7650 | AH39: 7075 | AI39: 7450 | AJ39: 7450 | AK39: 7575 | AL39: 8050 | AM39: 8050 | AN39: 1300 | AO39: 1400 | AP39: 1400 | AQ39: 7915 | AR39: 8615 | AS39: 8615 | AT39: 7400 | AU39: 7850 | AV39: 7850 | AW39: 8275 | AX39: 8650 | AY39: 8650 | AZ39: 7875 | BA39: 8475 | BB39: 8475 | BC39: 8025 | BD39: 8525 | BE39: 8525 | BF39: 8100 | BG39: 8850 | BH39: 8850 | BI39: 8475 | BJ39: 8850 | BK39: 8850 | BL39: 8475 | BM39: 8850 | BN39: 8850 | BO39: 8475 | BP39: 8850 | BQ39: 8850 | BR39: -100 | BS39: -100 | BT39: -100 | BU39: =(BO39+2791)-100 -> 11166 | BV39: =(BP39+2791)-100 -> 11541 | BW39: =(BQ39+2791)-100 -> 11541
A40: Leliu | C40: CNLUU | D40: 7300 | E40: 7700 | F40: 7700 | G40: 7300 | H40: 7700 | I40: 7700 | J40: 7300 | K40: 7700 | L40: 7700 | M40: 7300 | N40: 7700 | O40: 7700 | P40: 7300 | Q40: 7700 | R40: 7700 | S40: 7300 | T40: 7700 | U40: 7700 | V40: 7300 | W40: 7700 | X40: 7700 | Y40: 7300 | Z40: 7700 | AA40: 7700 | AB40: 7300 | AC40: 7700 | AD40: 7700 | AE40: 7300 | AF40: 7700 | AG40: 7700 | AH40: 7100 | AI40: 7500 | AJ40: 7500 | AK40: 7600 | AL40: 8100 | AM40: 8100 | AN40: 1300 | AO40: 1400 | AP40: 1400 | AQ40: 7940 | AR40: 8665 | AS40: 8665 | AT40: 7425 | AU40: 7900 | AV40: 7900 | AW40: 8300 | AX40: 8700 | AY40: 8700 | AZ40: 7900 | BA40: 8525 | BB40: 8525 | BC40: 8050 | BD40: 8575 | BE40: 8575 | BF40: 8125 | BG40: 8900 | BH40: 8900 | BI40: 8500 | BJ40: 8900 | BK40: 8900 | BL40: 8500 | BM40: 8900 | BN40: 8900 | BO40: 8500 | BP40: 8900 | BQ40: 8900 | BR40: -100 | BS40: -100 | BT40: -100 | BU40: =(BO40+2791)-100 -> 11191 | BV40: =(BP40+2791)-100 -> 11591 | BW40: =(BQ40+2791)-100 -> 11591
A41: Rongqi | C41: CNROQ | D41: 7300 | E41: 7700 | F41: 7700 | G41: 7300 | H41: 7700 | I41: 7700 | J41: 7300 | K41: 7700 | L41: 7700 | M41: 7300 | N41: 7700 | O41: 7700 | P41: 7300 | Q41: 7700 | R41: 7700 | S41: 7300 | T41: 7700 | U41: 7700 | V41: 7300 | W41: 7700 | X41: 7700 | Y41: 7300 | Z41: 7700 | AA41: 7700 | AB41: 7300 | AC41: 7700 | AD41: 7700 | AE41: 7300 | AF41: 7700 | AG41: 7700 | AH41: 7100 | AI41: 7500 | AJ41: 7500 | AK41: 7600 | AL41: 8100 | AM41: 8100 | AN41: 1300 | AO41: 1400 | AP41: 1400 | AQ41: 7940 | AR41: 8665 | AS41: 8665 | AT41: 7425 | AU41: 7900 | AV41: 7900 | AW41: 8300 | AX41: 8700 | AY41: 8700 | AZ41: 7900 | BA41: 8525 | BB41: 8525 | BC41: 8050 | BD41: 8575 | BE41: 8575 | BF41: 8125 | BG41: 8900 | BH41: 8900 | BI41: 8500 | BJ41: 8900 | BK41: 8900 | BL41: 8500 | BM41: 8900 | BN41: 8900 | BO41: 8500 | BP41: 8900 | BQ41: 8900 | BR41: -100 | BS41: -100 | BT41: -100 | BU41: =(BO41+2791)-100 -> 11191 | BV41: =(BP41+2791)-100 -> 11591 | BW41: =(BQ41+2791)-100 -> 11591
A42: Xiaolan | C42: CNXIL | D42: 7300 | E42: 7700 | F42: 7700 | G42: 7300 | H42: 7700 | I42: 7700 | J42: 7300 | K42: 7700 | L42: 7700 | M42: 7300 | N42: 7700 | O42: 7700 | P42: 7300 | Q42: 7700 | R42: 7700 | S42: 7300 | T42: 7700 | U42: 7700 | V42: 7300 | W42: 7700 | X42: 7700 | Y42: 7300 | Z42: 7700 | AA42: 7700 | AB42: 7300 | AC42: 7700 | AD42: 7700 | AE42: 7300 | AF42: 7700 | AG42: 7700 | AH42: 7100 | AI42: 7500 | AJ42: 7500 | AK42: 7600 | AL42: 8100 | AM42: 8100 | AN42: 1300 | AO42: 1400 | AP42: 1400 | AQ42: 7940 | AR42: 8665 | AS42: 8665 | AT42: 7425 | AU42: 7900 | AV42: 7900 | AW42: 8300 | AX42: 8700 | AY42: 8700 | AZ42: 7900 | BA42: 8525 | BB42: 8525 | BC42: 8050 | BD42: 8575 | BE42: 8575 | BF42: 8125 | BG42: 8900 | BH42: 8900 | BI42: 8500 | BJ42: 8900 | BK42: 8900 | BL42: 8500 | BM42: 8900 | BN42: 8900 | BO42: 8500 | BP42: 8900 | BQ42: 8900 | BR42: -100 | BS42: -100 | BT42: -100 | BU42: =(BO42+2791)-100 -> 11191 | BV42: =(BP42+2791)-100 -> 11591 | BW42: =(BQ42+2791)-100 -> 11591
A43: Gaoming | C43: CNGOM | D43: 7300 | E43: 7700 | F43: 7700 | G43: 7300 | H43: 7700 | I43: 7700 | J43: 7300 | K43: 7700 | L43: 7700 | M43: 7300 | N43: 7700 | O43: 7700 | P43: 7300 | Q43: 7700 | R43: 7700 | S43: 7300 | T43: 7700 | U43: 7700 | V43: 7300 | W43: 7700 | X43: 7700 | Y43: 7300 | Z43: 7700 | AA43: 7700 | AB43: 7300 | AC43: 7700 | AD43: 7700 | AE43: 7300 | AF43: 7700 | AG43: 7700 | AH43: 7100 | AI43: 7500 | AJ43: 7500 | AK43: 7600 | AL43: 8100 | AM43: 8100 | AN43: 1300 | AO43: 1400 | AP43: 1400 | AQ43: 7940 | AR43: 8665 | AS43: 8665 | AT43: 7425 | AU43: 7900 | AV43: 7900 | AW43: 8300 | AX43: 8700 | AY43: 8700 | AZ43: 7900 | BA43: 8525 | BB43: 8525 | BC43: 8050 | BD43: 8575 | BE43: 8575 | BF43: 8125 | BG43: 8900 | BH43: 8900 | BI43: 8500 | BJ43: 8900 | BK43: 8900 | BL43: 8500 | BM43: 8900 | BN43: 8900 | BO43: 8500 | BP43: 8900 | BQ43: 8900 | BR43: -100 | BS43: -100 | BT43: -100 | BU43: =(BO43+2791)-100 -> 11191 | BV43: =(BP43+2791)-100 -> 11591 | BW43: =(BQ43+2791)-100 -> 11591
A44: Nanhai | C44: CNNAH | D44: 7350 | E44: 7800 | F44: 7800 | G44: 7350 | H44: 7800 | I44: 7800 | J44: 7350 | K44: 7800 | L44: 7800 | M44: 7350 | N44: 7800 | O44: 7800 | P44: 7350 | Q44: 7800 | R44: 7800 | S44: 7350 | T44: 7800 | U44: 7800 | V44: 7350 | W44: 7800 | X44: 7800 | Y44: 7350 | Z44: 7800 | AA44: 7800 | AB44: 7350 | AC44: 7800 | AD44: 7800 | AE44: 7350 | AF44: 7800 | AG44: 7800 | AH44: 7150 | AI44: 7600 | AJ44: 7600 | AK44: 7650 | AL44: 8200 | AM44: 8200 | AN44: 1300 | AO44: 1400 | AP44: 1400 | AQ44: 7990 | AR44: 8765 | AS44: 8765 | AT44: 7475 | AU44: 8000 | AV44: 8000 | AW44: 8350 | AX44: 8800 | AY44: 8800 | AZ44: 7950 | BA44: 8625 | BB44: 8625 | BC44: 8100 | BD44: 8675 | BE44: 8675 | BF44: 8175 | BG44: 9000 | BH44: 9000 | BI44: 8550 | BJ44: 9000 | BK44: 9000 | BL44: 8550 | BM44: 9000 | BN44: 9000 | BO44: 8550 | BP44: 9000 | BQ44: 9000 | BR44: -100 | BS44: -100 | BT44: -100 | BU44: =(BO44+2791)-100 -> 11241 | BV44: =(BP44+2791)-100 -> 11691 | BW44: =(BQ44+2791)-100 -> 11691
A45: Shunde | C45: CNSUD | D45: 7300 | E45: 7700 | F45: 7700 | G45: 7300 | H45: 7700 | I45: 7700 | J45: 7300 | K45: 7700 | L45: 7700 | M45: 7300 | N45: 7700 | O45: 7700 | P45: 7300 | Q45: 7700 | R45: 7700 | S45: 7300 | T45: 7700 | U45: 7700 | V45: 7300 | W45: 7700 | X45: 7700 | Y45: 7300 | Z45: 7700 | AA45: 7700 | AB45: 7300 | AC45: 7700 | AD45: 7700 | AE45: 7300 | AF45: 7700 | AG45: 7700 | AH45: 7100 | AI45: 7500 | AJ45: 7500 | AK45: 7600 | AL45: 8100 | AM45: 8100 | AN45: 1300 | AO45: 1400 | AP45: 1400 | AQ45: 7940 | AR45: 8665 | AS45: 8665 | AT45: 7425 | AU45: 7900 | AV45: 7900 | AW45: 8300 | AX45: 8700 | AY45: 8700 | AZ45: 7900 | BA45: 8525 | BB45: 8525 | BC45: 8050 | BD45: 8575 | BE45: 8575 | BF45: 8125 | BG45: 8900 | BH45: 8900 | BI45: 8500 | BJ45: 8900 | BK45: 8900 | BL45: 8500 | BM45: 8900 | BN45: 8900 | BO45: 8500 | BP45: 8900 | BQ45: 8900 | BR45: -100 | BS45: -100 | BT45: -100 | BU45: =(BO45+2791)-100 -> 11191 | BV45: =(BP45+2791)-100 -> 11591 | BW45: =(BQ45+2791)-100 -> 11591
A46: Nansha | C46: CNNSA | D46: 7300 | E46: 7700 | F46: 7700 | G46: 7300 | H46: 7700 | I46: 7700 | J46: 7300 | K46: 7700 | L46: 7700 | M46: 7300 | N46: 7700 | O46: 7700 | P46: 7300 | Q46: 7700 | R46: 7700 | S46: 7300 | T46: 7700 | U46: 7700 | V46: 7300 | W46: 7700 | X46: 7700 | Y46: 7300 | Z46: 7700 | AA46: 7700 | AB46: 7300 | AC46: 7700 | AD46: 7700 | AE46: 7300 | AF46: 7700 | AG46: 7700 | AH46: 7100 | AI46: 7500 | AJ46: 7500 | AK46: 7600 | AL46: 8100 | AM46: 8100 | AN46: 1300 | AO46: 1400 | AP46: 1400 | AQ46: 7940 | AR46: 8665 | AS46: 8665 | AT46: 7425 | AU46: 7900 | AV46: 7900 | AW46: 8300 | AX46: 8700 | AY46: 8700 | AZ46: 7900 | BA46: 8525 | BB46: 8525 | BC46: 8050 | BD46: 8575 | BE46: 8575 | BF46: 8125 | BG46: 8900 | BH46: 8900 | BI46: 8500 | BJ46: 8900 | BK46: 8900 | BL46: 8500 | BM46: 8900 | BN46: 8900 | BO46: 8500 | BP46: 8900 | BQ46: 8900 | BR46: -100 | BS46: -100 | BT46: -100 | BU46: =(BO46+2791)-100 -> 11191 | BV46: =(BP46+2791)-100 -> 11591 | BW46: =(BQ46+2791)-100 -> 11591
A47: Zhongshan | C47: CNZSN | D47: 7300 | E47: 7700 | F47: 7700 | G47: 7300 | H47: 7700 | I47: 7700 | J47: 7300 | K47: 7700 | L47: 7700 | M47: 7300 | N47: 7700 | O47: 7700 | P47: 7300 | Q47: 7700 | R47: 7700 | S47: 7300 | T47: 7700 | U47: 7700 | V47: 7300 | W47: 7700 | X47: 7700 | Y47: 7300 | Z47: 7700 | AA47: 7700 | AB47: 7300 | AC47: 7700 | AD47: 7700 | AE47: 7300 | AF47: 7700 | AG47: 7700 | AH47: 7100 | AI47: 7500 | AJ47: 7500 | AK47: 7600 | AL47: 8100 | AM47: 8100 | AN47: 1300 | AO47: 1400 | AP47: 1400 | AQ47: 7940 | AR47: 8665 | AS47: 8665 | AT47: 7425 | AU47: 7900 | AV47: 7900 | AW47: 8300 | AX47: 8700 | AY47: 8700 | AZ47: 7900 | BA47: 8525 | BB47: 8525 | BC47: 8050 | BD47: 8575 | BE47: 8575 | BF47: 8125 | BG47: 8900 | BH47: 8900 | BI47: 8500 | BJ47: 8900 | BK47: 8900 | BL47: 8500 | BM47: 8900 | BN47: 8900 | BO47: 8500 | BP47: 8900 | BQ47: 8900 | BR47: -100 | BS47: -100 | BT47: -100 | BU47: =(BO47+2791)-100 -> 11191 | BV47: =(BP47+2791)-100 -> 11591 | BW47: =(BQ47+2791)-100 -> 11591
A48: Zhuhai/ Gaolan | C48: CNZUH/ CNGON | D48: 7300 | E48: 7700 | F48: 7700 | G48: 7300 | H48: 7700 | I48: 7700 | J48: 7300 | K48: 7700 | L48: 7700 | M48: 7300 | N48: 7700 | O48: 7700 | P48: 7300 | Q48: 7700 | R48: 7700 | S48: 7300 | T48: 7700 | U48: 7700 | V48: 7300 | W48: 7700 | X48: 7700 | Y48: 7300 | Z48: 7700 | AA48: 7700 | AB48: 7300 | AC48: 7700 | AD48: 7700 | AE48: 7300 | AF48: 7700 | AG48: 7700 | AH48: 7100 | AI48: 7500 | AJ48: 7500 | AK48: 7600 | AL48: 8100 | AM48: 8100 | AN48: 1300 | AO48: 1400 | AP48: 1400 | AQ48: 7940 | AR48: 8665 | AS48: 8665 | AT48: 7425 | AU48: 7900 | AV48: 7900 | AW48: 8300 | AX48: 8700 | AY48: 8700 | AZ48: 7900 | BA48: 8525 | BB48: 8525 | BC48: 8050 | BD48: 8575 | BE48: 8575 | BF48: 8125 | BG48: 8900 | BH48: 8900 | BI48: 8500 | BJ48: 8900 | BK48: 8900 | BL48: 8500 | BM48: 8900 | BN48: 8900 | BO48: 8500 | BP48: 8900 | BQ48: 8900 | BR48: -100 | BS48: -100 | BT48: -100 | BU48: =(BO48+2791)-100 -> 11191 | BV48: =(BP48+2791)-100 -> 11591 | BW48: =(BQ48+2791)-100 -> 11591
A49: Doumen | C49: CNDOU | D49: 7300 | E49: 7700 | F49: 7700 | G49: 7300 | H49: 7700 | I49: 7700 | J49: 7300 | K49: 7700 | L49: 7700 | M49: 7300 | N49: 7700 | O49: 7700 | P49: 7300 | Q49: 7700 | R49: 7700 | S49: 7300 | T49: 7700 | U49: 7700 | V49: 7300 | W49: 7700 | X49: 7700 | Y49: 7300 | Z49: 7700 | AA49: 7700 | AB49: 7300 | AC49: 7700 | AD49: 7700 | AE49: 7300 | AF49: 7700 | AG49: 7700 | AH49: 7100 | AI49: 7500 | AJ49: 7500 | AK49: 7600 | AL49: 8100 | AM49: 8100 | AN49: 1300 | AO49: 1400 | AP49: 1400 | AQ49: 7940 | AR49: 8665 | AS49: 8665 | AT49: 7425 | AU49: 7900 | AV49: 7900 | AW49: 8300 | AX49: 8700 | AY49: 8700 | AZ49: 7900 | BA49: 8525 | BB49: 8525 | BC49: 8050 | BD49: 8575 | BE49: 8575 | BF49: 8125 | BG49: 8900 | BH49: 8900 | BI49: 8500 | BJ49: 8900 | BK49: 8900 | BL49: 8500 | BM49: 8900 | BN49: 8900 | BO49: 8500 | BP49: 8900 | BQ49: 8900 | BR49: -100 | BS49: -100 | BT49: -100 | BU49: =(BO49+2791)-100 -> 11191 | BV49: =(BP49+2791)-100 -> 11591 | BW49: =(BQ49+2791)-100 -> 11591
... A53: Jiangmen | C53: CNJMN | D53: 7300 | E53: 7700 | F53: 7700 | G53: 7300 | H53: 7700 | I53: 7700 | J53: 7300 | K53: 7700 | L53: 7700 | M53: 7300 | N53: 7700 | O53: 7700 | P53: 7300 | Q53: 7700 | R53: 7700 | S53: 7300 | T53: 7700 | U53: 7700 | V53: 7300 | W53: 7700 | X53: 7700 | Y53: 7300 | Z53: 7700 | AA53: 7700 | AB53: 7300 | AC53: 7700 | AD53: 7700 | AE53: 7300 | AF53: 7700 | AG53: 7700 | AH53: 7100 | AI53: 7500 | AJ53: 7500 | AK53: 7600 | AL53: 8100 | AM53: 8100 | AN53: 1300 | AO53: 1400 | AP53: 1400 | AQ53: 7940 | AR53: 8665 | AS53: 8665 | AT53: 7425 | AU53: 7900 | AV53: 7900 | AW53: 8300 | AX53: 8700 | AY53: 8700 | AZ53: 7900 | BA53: 8525 | BB53: 8525 | BC53: 8050 | BD53: 8575 | BE53: 8575 | BF53: 8125 | BG53: 8900 | BH53: 8900 | BI53: 8500 | BJ53: 8900 | BK53: 8900 | BL53: 8500 | BM53: 8900 | BN53: 8900 | BO53: 8500 | BP53: 8900 | BQ53: 8900 | BR53: -100 | BS53: -100 | BT53: -100 | BU53: =(BO53+2791)-100 -> 11191 | BV53: =(BP53+2791)-100 -> 11591 | BW53: =(BQ53+2791)-100 -> 11591
A54: Jingzhou | B54: CNSHA | C54: CNJGZ | D54: 7450 | E54: 8170 | F54: 8170 | G54: 7450 | H54: 8170 | I54: 8170 | J54: 7450 | K54: 8170 | L54: 8170 | M54: 7450 | N54: 8170 | O54: 8170 | P54: 7450 | Q54: 8170 | R54: 8170 | S54: 7450 | T54: 8170 | U54: 8170 | V54: 7450 | W54: 8170 | X54: 8170 | Y54: 7450 | Z54: 8170 | AA54: 8170 | AB54: 7450 | AC54: 8170 | AD54: 8170 | AE54: 7450 | AF54: 8170 | AG54: 8170 | AH54: 7250 | AI54: 7970 | AJ54: 7970 | AK54: 7750 | AL54: 8570 | AM54: 8570 | AN54: 800 | AO54: 800 | AP54: 800 | AQ54: 8090 | AR54: 9135 | AS54: 9135 | AT54: 7575 | AU54: 8370 | AV54: 8370 | AW54: 8450 | AX54: 9170 | AY54: 9170 | AZ54: 8050 | BA54: 8995 | BB54: 8995 | BC54: 8200 | BD54: 9045 | BE54: 9045 | BF54: 8275 | BG54: 9370 | BH54: 9370 | BI54: 8650 | BJ54: 9370 | BK54: 9370 | BL54: 8650 | BM54: 9370 | BN54: 9370 | BO54: 8650 | BP54: 9370 | BQ54: 9370 | BU54: =(BO54+2791)-100 -> 11341 | BV54: =(BP54+2791)-100 -> 12061 | BW54: =(BQ54+2791)-100 -> 12061
A55: Yunfu | C55: CNYNF | D55: 7350 | E55: 7750 | F55: 7750 | G55: 7350 | H55: 7750 | I55: 7750 | J55: 7350 | K55: 7750 | L55: 7750 | M55: 7350 | N55: 7750 | O55: 7750 | P55: 7350 | Q55: 7750 | R55: 7750 | S55: 7350 | T55: 7750 | U55: 7750 | V55: 7350 | W55: 7750 | X55: 7750 | Y55: 7350 | Z55: 7750 | AA55: 7750 | AB55: 7350 | AC55: 7750 | AD55: 7750 | AE55: 7350 | AF55: 7750 | AG55: 7750 | AH55: 7150 | AI55: 7550 | AJ55: 7550 | AK55: 7650 | AL55: 8150 | AM55: 8150 | AN55: 1300 | AO55: 1400 | AP55: 1400 | AQ55: 7990 | AR55: 8715 | AS55: 8715 | AT55: 7475 | AU55: 7950 | AV55: 7950 | AW55: 8350 | AX55: 8750 | AY55: 8750 | AZ55: 7950 | BA55: 8575 | BB55: 8575 | BC55: 8100 | BD55: 8625 | BE55: 8625 | BF55: 8175 | BG55: 8950 | BH55: 8950 | BI55: 8550 | BJ55: 8950 | BK55: 8950 | BL55: 8550 | BM55: 8950 | BN55: 8950 | BO55: 8550 | BP55: 8950 | BQ55: 8950 | BR55: -100 | BS55: -100 | BT55: -100 | BU55: =(BO55+2791)-100 -> 11241 | BV55: =(BP55+2791)-100 -> 11641 | BW55: =(BQ55+2791)-100 -> 11641
A56: Zhanjiang | C56: CNZHA | D56: 7450 | E56: 7850 | F56: 7850 | G56: 7450 | H56: 7850 | I56: 7850 | J56: 7450 | K56: 7850 | L56: 7850 | M56: 7450 | N56: 7850 | O56: 7850 | P56: 7450 | Q56: 7850 | R56: 7850 | S56: 7450 | T56: 7850 | U56: 7850 | V56: 7450 | W56: 7850 | X56: 7850 | Y56: 7450 | Z56: 7850 | AA56: 7850 | AB56: 7450 | AC56: 7850 | AD56: 7850 | AE56: 7450 | AF56: 7850 | AG56: 7850 | AH56: 7250 | AI56: 7650 | AJ56: 7650 | AK56: 7750 | AL56: 8250 | AM56: 8250 | AN56: 1300 | AO56: 1400 | AP56: 1400 | AQ56: 8090 | AR56: 8815 | AS56: 8815 | AT56: 7575 | AU56: 8050 | AV56: 8050 | AW56: 8450 | AX56: 8850 | AY56: 8850 | AZ56: 8050 | BA56: 8675 | BB56: 8675 | BC56: 8200 | BD56: 8725 | BE56: 8725 | BF56: 8275 | BG56: 9050 | BH56: 9050 | BI56: 8650 | BJ56: 9050 | BK56: 9050 | BL56: 8650 | BM56: 9050 | BN56: 9050 | BO56: 8650 | BP56: 9050 | BQ56: 9050 | BR56: -100 | BS56: -100 | BT56: -100 | BU56: =(BO56+2791)-100 -> 11341 | BV56: =(BP56+2791)-100 -> 11741 | BW56: =(BQ56+2791)-100 -> 11741
A57: Jiujiang, Jiangxi | C57: CNJIU | D57: 7400 | E57: 7950 | F57: 7950 | G57: 7400 | H57: 7950 | I57: 7950 | J57: 7400 | K57: 7950 | L57: 7950 | M57: 7400 | N57: 7950 | O57: 7950 | P57: 7400 | Q57: 7950 | R57: 7950 | S57: 7400 | T57: 7950 | U57: 7950 | V57: 7400 | W57: 7950 | X57: 7950 | Y57: 7400 | Z57: 7950 | AA57: 7950 | AB57: 7400 | AC57: 7950 | AD57: 7950 | AE57: 7400 | AF57: 7950 | AG57: 7950 | AH57: 7200 | AI57: 7750 | AJ57: 7750 | AK57: 7700 | AL57: 8350 | AM57: 8350 | AN57: 1300 | AO57: 1400 | AP57: 1400 | AQ57: 8040 | AR57: 8915 | AS57: 8915 | AT57: 7525 | AU57: 8150 | AV57: 8150 | AW57: 8400 | AX57: 8950 | AY57: 8950 | AZ57: 8000 | BA57: 8775 | BB57: 8775 | BC57: 8150 | BD57: 8825 | BE57: 8825 | BF57: 8225 | BG57: 9150 | BH57: 9150 | BI57: 8600 | BJ57: 9150 | BK57: 9150 | BL57: 8600 | BM57: 9150 | BN57: 9150 | BO57: 8600 | BP57: 9150 | BQ57: 9150 | BR57: -100 | BS57: -100 | BT57: -100 | BU57: =(BO57+2791)-100 -> 11291 | BV57: =(BP57+2791)-100 -> 11841 | BW57: =(BQ57+2791)-100 -> 11841
A58: Nanchang | B58: CNSHA | C58: CNKHN | D58: 7550 | E58: 8050 | F58: 8050 | G58: 7550 | H58: 8050 | I58: 8050 | J58: 7550 | K58: 8050 | L58: 8050 | M58: 7550 | N58: 8050 | O58: 8050 | P58: 7550 | Q58: 8050 | R58: 8050 | S58: 7550 | T58: 8050 | U58: 8050 | V58: 7550 | W58: 8050 | X58: 8050 | Y58: 7550 | Z58: 8050 | AA58: 8050 | AB58: 7550 | AC58: 8050 | AD58: 8050 | AE58: 7550 | AF58: 8050 | AG58: 8050 | AH58: 7350 | AI58: 7850 | AJ58: 7850 | AK58: 7850 | AL58: 8450 | AM58: 8450 | AN58: 1300 | AO58: 1400 | AP58: 1400 | AQ58: 8190 | AR58: 9015 | AS58: 9015 | AT58: 7675 | AU58: 8250 | AV58: 8250 | AW58: 8550 | AX58: 9050 | AY58: 9050 | AZ58: 8150 | BA58: 8875 | BB58: 8875 | BC58: 8300 | BD58: 8925 | BE58: 8925 | BF58: 8375 | BG58: 9250 | BH58: 9250 | BI58: 8750 | BJ58: 9250 | BK58: 9250 | BL58: 8750 | BM58: 9250 | BN58: 9250 | BO58: 8750 | BP58: 9250 | BQ58: 9250 | BR58: -100 | BS58: -100 | BT58: -100 | BU58: =(BO58+2791)-100 -> 11441 | BV58: =(BP58+2791)-100 -> 11941 | BW58: =(BQ58+2791)-100 -> 11941
A59: Nanjing | B59: Via SHA Barge | C59: CNNKG | D59: 7450 | E59: 7900 | F59: 7900 | G59: 7450 | H59: 7900 | I59: 7900 | J59: 7450 | K59: 7900 | L59: 7900 | M59: 7450 | N59: 7900 | O59: 7900 | P59: 7450 | Q59: 7900 | R59: 7900 | S59: 7450 | T59: 7900 | U59: 7900 | V59: 7450 | W59: 7900 | X59: 7900 | Y59: 7450 | Z59: 7900 | AA59: 7900 | AB59: 7450 | AC59: 7900 | AD59: 7900 | AE59: 7450 | AF59: 7900 | AG59: 7900 | AH59: 7250 | AI59: 7700 | AJ59: 7700 | AK59: 7750 | AL59: 8300 | AM59: 8300 | AN59: 1300 | AO59: 1400 | AP59: 1400 | AQ59: 8090 | AR59: 8865 | AS59: 8865 | AT59: 7575 | AU59: 8100 | AV59: 8100 | AW59: 8450 | AX59: 8900 | AY59: 8900 | AZ59: 8050 | BA59: 8725 | BB59: 8725 | BC59: 8200 | BD59: 8775 | BE59: 8775 | BF59: 8275 | BG59: 9100 | BH59: 9100 | BI59: 8650 | BJ59: 9100 | BK59: 9100 | BL59: 8650 | BM59: 9100 | BN59: 9100 | BO59: 8650 | BP59: 9100 | BQ59: 9100 | BR59: -100 | BS59: -100 | BT59: -100 | BU59: =(BO59+2791)-100 -> 11341 | BV59: =(BP59+2791)-100 -> 11791 | BW59: =(BQ59+2791)-100 -> 11791
A60: Nanjing | B60: Via NGB Barge | C60: CNNKG | D60: 7425 | E60: 7850 | F60: 7850 | G60: 7425 | H60: 7850 | I60: 7850 | J60: 7425 | K60: 7850 | L60: 7850 | M60: 7425 | N60: 7850 | O60: 7850 | P60: 7425 | Q60: 7850 | R60: 7850 | S60: 7425 | T60: 7850 | U60: 7850 | V60: 7425 | W60: 7850 | X60: 7850 | Y60: 7425 | Z60: 7850 | AA60: 7850 | AB60: 7425 | AC60: 7850 | AD60: 7850 | AE60: 7425 | AF60: 7850 | AG60: 7850 | AH60: 7225 | AI60: 7650 | AJ60: 7650 | AK60: 7725 | AL60: 8250 | AM60: 8250 | AN60: 1300 | AO60: 1400 | AP60: 1400 | AQ60: 8065 | AR60: 8815 | AS60: 8815 | AT60: 7550 | AU60: 8050 | AV60: 8050 | AW60: 8425 | AX60: 8850 | AY60: 8850 | AZ60: 8025 | BA60: 8675 | BB60: 8675 | BC60: 8175 | BD60: 8725 | BE60: 8725 | BF60: 8250 | BG60: 9050 | BH60: 9050 | BI60: 8625 | BJ60: 9050 | BK60: 9050 | BL60: 8625 | BM60: 9050 | BN60: 9050 | BO60: 8625 | BP60: 9050 | BQ60: 9050 | BR60: -100 | BS60: -100 | BT60: -100 | BU60: =(BO60+2791)-100 -> 11316 | BV60: =(BP60+2791)-100 -> 11741 | BW60: =(BQ60+2791)-100 -> 11741
A61: Nanjing | B61: Via SHA Rail | C61: CNNKG | D61: 7470 | E61: 7770 | F61: 7770 | G61: 7470 | H61: 7770 | I61: 7770 | J61: 7470 | K61: 7770 | L61: 7770 | M61: 7470 | N61: 7770 | O61: 7770 | P61: 7470 | Q61: 7770 | R61: 7770 | S61: 7470 | T61: 7770 | U61: 7770 | V61: 7470 | W61: 7770 | X61: 7770 | Y61: 7470 | Z61: 7770 | AA61: 7770 | AB61: 7470 | AC61: 7770 | AD61: 7770 | AE61: 7470 | AF61: 7770 | AG61: 7770 | AH61: 7270 | AI61: 7570 | AJ61: 7570 | AK61: 7770 | AL61: 8170 | AM61: 8170 | AN61: 1300 | AO61: 1400 | AP61: 1400 | AQ61: 8110 | AR61: 8735 | AS61: 8735 | AT61: 7595 | AU61: 7970 | AV61: 7970 | AW61: 8470 | AX61: 8770 | AY61: 8770 | AZ61: 8070 | BA61: 8595 | BB61: 8595 | BC61: 8220 | BD61: 8645 | BE61: 8645 | BF61: 8295 | BG61: 8970 | BH61: 8970 | BI61: 8670 | BJ61: 8970 | BK61: 8970 | BL61: 8670 | BM61: 8970 | BN61: 8970 | BO61: 8670 | BP61: 8970 | BQ61: 8970 | BR61: -100 | BS61: -100 | BT61: -100 | BU61: =(BO61+2791)-100 -> 11361 | BV61: =(BP61+2791)-100 -> 11661 | BW61: =(BQ61+2791)-100 -> 11661
A62: Nantong | B62: Via SHA Barge | C62: CNNTG | D62: 7450 | E62: 7800 | F62: 7800 | G62: 7450 | H62: 7800 | I62: 7800 | J62: 7450 | K62: 7800 | L62: 7800 | M62: 7450 | N62: 7800 | O62: 7800 | P62: 7450 | Q62: 7800 | R62: 7800 | S62: 7450 | T62: 7800 | U62: 7800 | V62: 7450 | W62: 7800 | X62: 7800 | Y62: 7450 | Z62: 7800 | AA62: 7800 | AB62: 7450 | AC62: 7800 | AD62: 7800 | AE62: 7450 | AF62: 7800 | AG62: 7800 | AH62: 7250 | AI62: 7600 | AJ62: 7600 | AK62: 7750 | AL62: 8200 | AM62: 8200 | AN62: 1300 | AO62: 1400 | AP62: 1400 | AQ62: 8090 | AR62: 8765 | AS62: 8765 | AT62: 7575 | AU62: 8000 | AV62: 8000 | AW62: 8450 | AX62: 8800 | AY62: 8800 | AZ62: 8050 | BA62: 8625 | BB62: 8625 | BC62: 8200 | BD62: 8675 | BE62: 8675 | BF62: 8275 | BG62: 9000 | BH62: 9000 | BI62: 8650 | BJ62: 9000 | BK62: 9000 | BL62: 8650 | BM62: 9000 | BN62: 9000 | BO62: 8650 | BP62: 9000 | BQ62: 9000 | BR62: -100 | BS62: -100 | BT62: -100 | BU62: =(BO62+2791)-100 -> 11341 | BV62: =(BP62+2791)-100 -> 11691 | BW62: =(BQ62+2791)-100 -> 11691
A63: Nantong | B63: Via NGB Barge | C63: CNNTG | D63: 7450 | E63: 7800 | F63: 7800 | G63: 7450 | H63: 7800 | I63: 7800 | J63: 7450 | K63: 7800 | L63: 7800 | M63: 7450 | N63: 7800 | O63: 7800 | P63: 7450 | Q63: 7800 | R63: 7800 | S63: 7450 | T63: 7800 | U63: 7800 | V63: 7450 | W63: 7800 | X63: 7800 | Y63: 7450 | Z63: 7800 | AA63: 7800 | AB63: 7450 | AC63: 7800 | AD63: 7800 | AE63: 7450 | AF63: 7800 | AG63: 7800 | AH63: 7250 | AI63: 7600 | AJ63: 7600 | AK63: 7750 | AL63: 8200 | AM63: 8200 | AN63: 1300 | AO63: 1400 | AP63: 1400 | AQ63: 8090 | AR63: 8765 | AS63: 8765 | AT63: 7575 | AU63: 8000 | AV63: 8000 | AW63: 8450 | AX63: 8800 | AY63: 8800 | AZ63: 8050 | BA63: 8625 | BB63: 8625 | BC63: 8200 | BD63: 8675 | BE63: 8675 | BF63: 8275 | BG63: 9000 | BH63: 9000 | BI63: 8650 | BJ63: 9000 | BK63: 9000 | BL63: 8650 | BM63: 9000 | BN63: 9000 | BO63: 8650 | BP63: 9000 | BQ63: 9000 | BR63: -100 | BS63: -100 | BT63: -100 | BU63: =(BO63+2791)-100 -> 11341 | BV63: =(BP63+2791)-100 -> 11691 | BW63: =(BQ63+2791)-100 -> 11691
A64: Qinhuangdao | C64: CNSHP | D64: 7450 | E64: 7950 | F64: 7950 | G64: 7450 | H64: 7950 | I64: 7950 | J64: 7450 | K64: 7950 | L64: 7950 | M64: 7450 | N64: 7950 | O64: 7950 | P64: 7450 | Q64: 7950 | R64: 7950 | S64: 7450 | T64: 7950 | U64: 7950 | V64: 7450 | W64: 7950 | X64: 7950 | Y64: 7450 | Z64: 7950 | AA64: 7950 | AB64: 7450 | AC64: 7950 | AD64: 7950 | AE64: 7450 | AF64: 7950 | AG64: 7950 | AH64: 7250 | AI64: 7750 | AJ64: 7750 | AK64: 7750 | AL64: 8350 | AM64: 8350 | AN64: 1300 | AO64: 1400 | AP64: 1400 | AQ64: 8090 | AR64: 8915 | AS64: 8915 | AT64: 7575 | AU64: 8150 | AV64: 8150 | AW64: 8450 | AX64: 8950 | AY64: 8950 | AZ64: 8050 | BA64: 8775 | BB64: 8775 | BC64: 8200 | BD64: 8825 | BE64: 8825 | BF64: 8275 | BG64: 9150 | BH64: 9150 | BI64: 8650 | BJ64: 9150 | BK64: 9150 | BL64: 8650 | BM64: 9150 | BN64: 9150 | BO64: 8650 | BP64: 9150 | BQ64: 9150 | BR64: -100 | BS64: -100 | BT64: -100 | BU64: =(BO64+2791)-100 -> 11341 | BV64: =(BP64+2791)-100 -> 11841 | BW64: =(BQ64+2791)-100 -> 11841
A65: SanShan | C65: CNSHG | D65: 7300 | E65: 7700 | F65: 7700 | G65: 7300 | H65: 7700 | I65: 7700 | J65: 7300 | K65: 7700 | L65: 7700 | M65: 7300 | N65: 7700 | O65: 7700 | P65: 7300 | Q65: 7700 | R65: 7700 | S65: 7300 | T65: 7700 | U65: 7700 | V65: 7300 | W65: 7700 | X65: 7700 | Y65: 7300 | Z65: 7700 | AA65: 7700 | AB65: 7300 | AC65: 7700 | AD65: 7700 | AE65: 7300 | AF65: 7700 | AG65: 7700 | AH65: 7100 | AI65: 7500 | AJ65: 7500 | AK65: 7600 | AL65: 8100 | AM65: 8100 | AN65: 1300 | AO65: 1400 | AP65: 1400 | AQ65: 7940 | AR65: 8665 | AS65: 8665 | AT65: 7425 | AU65: 7900 | AV65: 7900 | AW65: 8300 | AX65: 8700 | AY65: 8700 | AZ65: 7900 | BA65: 8525 | BB65: 8525 | BC65: 8050 | BD65: 8575 | BE65: 8575 | BF65: 8125 | BG65: 8900 | BH65: 8900 | BI65: 8500 | BJ65: 8900 | BK65: 8900 | BL65: 8500 | BM65: 8900 | BN65: 8900 | BO65: 8500 | BP65: 8900 | BQ65: 8900 | BR65: -100 | BS65: -100 | BT65: -100 | BU65: =(BO65+2791)-100 -> 11191 | BV65: =(BP65+2791)-100 -> 11591 | BW65: =(BQ65+2791)-100 -> 11591
A66: Shantou | C66: CNSWA | D66: 7400 | E66: 7850 | F66: 7850 | G66: 7400 | H66: 7850 | I66: 7850 | J66: 7400 | K66: 7850 | L66: 7850 | M66: 7400 | N66: 7850 | O66: 7850 | P66: 7400 | Q66: 7850 | R66: 7850 | S66: 7400 | T66: 7850 | U66: 7850 | V66: 7400 | W66: 7850 | X66: 7850 | Y66: 7400 | Z66: 7850 | AA66: 7850 | AB66: 7400 | AC66: 7850 | AD66: 7850 | AE66: 7400 | AF66: 7850 | AG66: 7850 | AH66: 7200 | AI66: 7650 | AJ66: 7650 | AK66: 7700 | AL66: 8250 | AM66: 8250 | AN66: 1300 | AO66: 1400 | AP66: 1400 | AQ66: 8040 | AR66: 8815 | AS66: 8815 | AT66: 7525 | AU66: 8050 | AV66: 8050 | AW66: 8400 | AX66: 8850 | AY66: 8850 | AZ66: 8000 | BA66: 8675 | BB66: 8675 | BC66: 8150 | BD66: 8725 | BE66: 8725 | BF66: 8225 | BG66: 9050 | BH66: 9050 | BI66: 8600 | BJ66: 9050 | BK66: 9050 | BL66: 8600 | BM66: 9050 | BN66: 9050 | BO66: 8600 | BP66: 9050 | BQ66: 9050 | BR66: -100 | BS66: -100 | BT66: -100 | BU66: =(BO66+2791)-100 -> 11291 | BV66: =(BP66+2791)-100 -> 11741 | BW66: =(BQ66+2791)-100 -> 11741
A67: Taizhou, Jiangsu | C67: CNTZO | D67: 7375 | E67: 7800 | F67: 7800 | G67: 7375 | H67: 7800 | I67: 7800 | J67: 7375 | K67: 7800 | L67: 7800 | M67: 7375 | N67: 7800 | O67: 7800 | P67: 7375 | Q67: 7800 | R67: 7800 | S67: 7375 | T67: 7800 | U67: 7800 | V67: 7375 | W67: 7800 | X67: 7800 | Y67: 7375 | Z67: 7800 | AA67: 7800 | AB67: 7375 | AC67: 7800 | AD67: 7800 | AE67: 7375 | AF67: 7800 | AG67: 7800 | AH67: 7175 | AI67: 7600 | AJ67: 7600 | AK67: 7675 | AL67: 8200 | AM67: 8200 | AN67: 1300 | AO67: 1400 | AP67: 1400 | AQ67: 8015 | AR67: 8765 | AS67: 8765 | AT67: 7500 | AU67: 8000 | AV67: 8000 | AW67: 8375 | AX67: 8800 | AY67: 8800 | AZ67: 7975 | BA67: 8625 | BB67: 8625 | BC67: 8125 | BD67: 8675 | BE67: 8675 | BF67: 8200 | BG67: 9000 | BH67: 9000 | BI67: 8575 | BJ67: 9000 | BK67: 9000 | BL67: 8575 | BM67: 9000 | BN67: 9000 | BO67: 8575 | BP67: 9000 | BQ67: 9000 | BR67: -100 | BS67: -100 | BT67: -100 | BU67: =(BO67+2791)-100 -> 11266 | BV67: =(BP67+2791)-100 -> 11691 | BW67: =(BQ67+2791)-100 -> 11691
A68: WEIFANG, Shangdong | C68: CNWFN | D68: 7600 | E68: 8100 | F68: 8100 | G68: 7600 | H68: 8300 | I68: 8300 | J68: 7600 | K68: 8100 | L68: 8100 | M68: 7600 | N68: 8100 | O68: 8100 | P68: 7600 | Q68: 8100 | R68: 8100 | S68: 7600 | T68: 8100 | U68: 8100 | V68: 7600 | W68: 8100 | X68: 8100 | Y68: 7600 | Z68: 8100 | AA68: 8100 | AB68: 7600 | AC68: 8100 | AD68: 8100 | AE68: 7600 | AF68: 8100 | AG68: 8100 | AH68: 7400 | AI68: 8100 | AJ68: 8100 | AK68: 7900 | AL68: 8700 | AM68: 8700 | AN68: 1300 | AO68: 1400 | AP68: 1400 | AQ68: 8240 | AR68: 8600 | AS68: 8600 | AT68: 7725 | AU68: 8100 | AV68: 8100 | AW68: 8600 | AX68: 8900 | AY68: 8900 | AZ68: 8200 | BA68: 8800 | BB68: 8800 | BC68: 8350 | BD68: 8600 | BE68: 8600 | BF68: 8425 | BG68: 8600 | BH68: 8600 | BI68: 8800 | BJ68: 9100 | BK68: 9100 | BL68: 8800 | BM68: 9300 | BN68: 9300 | BO68: 8800 | BP68: 9100 | BQ68: 9100 | BR68: -100 | BS68: -100 | BT68: -100 | BU68: =(BO68+2791)-100 -> 11491 | BV68: =(BP68+2791)-100 -> 11791 | BW68: =(BQ68+2791)-100 -> 11791
A69: YANTAI | B69: Via TAO | C69: CNYNT | D69: 7250 | E69: 7600 | F69: 7600 | G69: 7250 | H69: 7600 | I69: 7600 | J69: 7250 | K69: 7600 | L69: 7600 | M69: 7250 | N69: 7600 | O69: 7600 | P69: 7250 | Q69: 7600 | R69: 7600 | S69: 7250 | T69: 7600 | U69: 7600 | V69: 7250 | W69: 7600 | X69: 7600 | Y69: 7250 | Z69: 7600 | AA69: 7600 | AB69: 7250 | AC69: 7600 | AD69: 7600 | AE69: 7250 | AF69: 7600 | AG69: 7600 | AH69: 7050 | AI69: 7400 | AJ69: 7400 | AK69: 7550 | AL69: 8000 | AM69: 8000 | AN69: 1300 | AO69: 1400 | AP69: 1400 | AQ69: 7890 | AR69: 8565 | AS69: 8565 | AT69: 7375 | AU69: 7800 | AV69: 7800 | AW69: 8250 | AX69: 8600 | AY69: 8600 | AZ69: 7850 | BA69: 8425 | BB69: 8425 | BC69: 8000 | BD69: 8475 | BE69: 8475 | BF69: 8075 | BG69: 8800 | BH69: 8800 | BI69: 8450 | BJ69: 8800 | BK69: 8800 | BL69: 8450 | BM69: 8800 | BN69: 8800 | BO69: 8450 | BP69: 8800 | BQ69: 8800 | BR69: -100 | BS69: -100 | BT69: -100 | BU69: =(BO69+2791)-100 -> 11141 | BV69: =(BP69+2791)-100 -> 11491 | BW69: =(BQ69+2791)-100 -> 11491
A70: WEIHAI | B70: Via TAO to | C70: CNWEI | D70: 7300 | E70: 7800 | F70: 7800 | G70: 7300 | H70: 7800 | I70: 7800 | J70: 7300 | K70: 7800 | L70: 7800 | M70: 7300 | N70: 7800 | O70: 7800 | P70: 7300 | Q70: 7800 | R70: 7800 | S70: 7300 | T70: 7800 | U70: 7800 | V70: 7300 | W70: 7800 | X70: 7800 | Y70: 7300 | Z70: 7800 | AA70: 7800 | AB70: 7300 | AC70: 7800 | AD70: 7800 | AE70: 7300 | AF70: 7800 | AG70: 7800 | AH70: 7100 | AI70: 7600 | AJ70: 7600 | AK70: 7600 | AL70: 8200 | AM70: 8200 | AN70: 1300 | AO70: 1400 | AP70: 1400 | AQ70: 7940 | AR70: 8765 | AS70: 8765 | AT70: 7425 | AU70: 8000 | AV70: 8000 | AW70: 8300 | AX70: 8800 | AY70: 8800 | AZ70: 7900 | BA70: 8625 | BB70: 8625 | BC70: 8050 | BD70: 8675 | BE70: 8675 | BF70: 8125 | BG70: 9000 | BH70: 9000 | BI70: 8500 | BJ70: 9000 | BK70: 9000 | BL70: 8500 | BM70: 9000 | BN70: 9000 | BO70: 8500 | BP70: 9000 | BQ70: 9000 | BR70: -100 | BS70: -100 | BT70: -100 | BU70: =(BO70+2791)-100 -> 11191 | BV70: =(BP70+2791)-100 -> 11691 | BW70: =(BQ70+2791)-100 -> 11691
A71: RIZHAO | B71: Via TAO | C71: CNRZH | D71: 7250 | E71: 7600 | F71: 7600 | G71: 7250 | H71: 7600 | I71: 7600 | J71: 7250 | K71: 7600 | L71: 7600 | M71: 7250 | N71: 7600 | O71: 7600 | P71: 7250 | Q71: 7600 | R71: 7600 | S71: 7250 | T71: 7600 | U71: 7600 | V71: 7250 | W71: 7600 | X71: 7600 | Y71: 7250 | Z71: 7600 | AA71: 7600 | AB71: 7250 | AC71: 7600 | AD71: 7600 | AE71: 7250 | AF71: 7600 | AG71: 7600 | AH71: 7050 | AI71: 7400 | AJ71: 7400 | AK71: 7550 | AL71: 8000 | AM71: 8000 | AN71: 1300 | AO71: 1400 | AP71: 1400 | AQ71: 7890 | AR71: 8565 | AS71: 8565 | AT71: 7375 | AU71: 7800 | AV71: 7800 | AW71: 8250 | AX71: 8600 | AY71: 8600 | AZ71: 7850 | BA71: 8425 | BB71: 8425 | BC71: 8000 | BD71: 8475 | BE71: 8475 | BF71: 8075 | BG71: 8800 | BH71: 8800 | BI71: 8450 | BJ71: 8800 | BK71: 8800 | BL71: 8450 | BM71: 8800 | BN71: 8800 | BO71: 8450 | BP71: 8800 | BQ71: 8800 | BR71: -100 | BS71: -100 | BT71: -100 | BU71: =(BO71+2791)-100 -> 11141 | BV71: =(BP71+2791)-100 -> 11491 | BW71: =(BQ71+2791)-100 -> 11491
A72: TAI´AN | C72: CNTAA | D72: 7600 | E72: 8100 | F72: 8100 | G72: 7600 | H72: 8100 | I72: 8100 | J72: 7600 | K72: 8100 | L72: 8100 | M72: 7600 | N72: 8100 | O72: 8100 | P72: 7600 | Q72: 8100 | R72: 8100 | S72: 7600 | T72: 8100 | U72: 8100 | V72: 7600 | W72: 8100 | X72: 8100 | Y72: 7600 | Z72: 8100 | AA72: 8100 | AB72: 7600 | AC72: 8100 | AD72: 8100 | AE72: 7600 | AF72: 8100 | AG72: 8100 | AH72: 7400 | AI72: 7900 | AJ72: 7900 | AK72: 7900 | AL72: 8500 | AM72: 8500 | AN72: 1300 | AO72: 1400 | AP72: 1400 | AQ72: 8240 | AR72: 9065 | AS72: 9065 | AT72: 7725 | AU72: 8300 | AV72: 8300 | AW72: 8600 | AX72: 9100 | AY72: 9100 | AZ72: 8200 | BA72: 8925 | BB72: 8925 | BC72: 8350 | BD72: 8975 | BE72: 8975 | BF72: 8425 | BG72: 9300 | BH72: 9300 | BI72: 8800 | BJ72: 9300 | BK72: 9300 | BL72: 8800 | BM72: 9300 | BN72: 9300 | BO72: 8800 | BP72: 9300 | BQ72: 9300 | BR72: -100 | BS72: -100 | BT72: -100 | BU72: =(BO72+2791)-100 -> 11491 | BV72: =(BP72+2791)-100 -> 11991 | BW72: =(BQ72+2791)-100 -> 11991
A73: Jiangyin | B73: Via SHA | C73: CNJIA | D73: 7375 | E73: 7750 | F73: 7750 | G73: 7375 | H73: 7750 | I73: 7750 | J73: 7375 | K73: 7750 | L73: 7750 | M73: 7375 | N73: 7750 | O73: 7750 | P73: 7375 | Q73: 7750 | R73: 7750 | S73: 7375 | T73: 7750 | U73: 7750 | V73: 7375 | W73: 7750 | X73: 7750 | Y73: 7375 | Z73: 7750 | AA73: 7750 | AB73: 7375 | AC73: 7750 | AD73: 7750 | AE73: 7375 | AF73: 7750 | AG73: 7750 | AH73: 7175 | AI73: 7550 | AJ73: 7550 | AK73: 7675 | AL73: 8150 | AM73: 8150 | AN73: 1300 | AO73: 1400 | AP73: 1400 | AQ73: 8015 | AR73: 8715 | AS73: 8715 | AT73: 7500 | AU73: 7950 | AV73: 7950 | AW73: 8375 | AX73: 8750 | AY73: 8750 | AZ73: 7975 | BA73: 8575 | BB73: 8575 | BC73: 8125 | BD73: 8625 | BE73: 8625 | BF73: 8200 | BG73: 8950 | BH73: 8950 | BI73: 8575 | BJ73: 8950 | BK73: 8950 | BL73: 8575 | BM73: 8950 | BN73: 8950 | BO73: 8575 | BP73: 8950 | BQ73: 8950 | BR73: -100 | BS73: -100 | BT73: -100 | BU73: =(BO73+2791)-100 -> 11266 | BV73: =(BP73+2791)-100 -> 11641 | BW73: =(BQ73+2791)-100 -> 11641
A74: Wuhu | C74: CNWHI | D74: 7450 | E74: 7925 | F74: 7925 | G74: 7450 | H74: 7925 | I74: 7925 | J74: 7450 | K74: 7925 | L74: 7925 | M74: 7450 | N74: 7925 | O74: 7925 | P74: 7450 | Q74: 7925 | R74: 7925 | S74: 7450 | T74: 7925 | U74: 7925 | V74: 7450 | W74: 7925 | X74: 7925 | Y74: 7450 | Z74: 7925 | AA74: 7925 | AB74: 7450 | AC74: 7925 | AD74: 7925 | AE74: 7450 | AF74: 7925 | AG74: 7925 | AH74: 7250 | AI74: 7725 | AJ74: 7725 | AK74: 7750 | AL74: 8325 | AM74: 8325 | AN74: 1300 | AO74: 1400 | AP74: 1400 | AQ74: 8090 | AR74: 8890 | AS74: 8890 | AT74: 7575 | AU74: 8125 | AV74: 8125 | AW74: 8450 | AX74: 8925 | AY74: 8925 | AZ74: 8050 | BA74: 8750 | BB74: 8750 | BC74: 8200 | BD74: 8800 | BE74: 8800 | BF74: 8275 | BG74: 9125 | BH74: 9125 | BI74: 8650 | BJ74: 9125 | BK74: 9125 | BL74: 8650 | BM74: 9125 | BN74: 9125 | BO74: 8650 | BP74: 9125 | BQ74: 9125 | BR74: -100 | BS74: -100 | BT74: -100 | BU74: =(BO74+2791)-100 -> 11341 | BV74: =(BP74+2791)-100 -> 11816 | BW74: =(BQ74+2791)-100 -> 11816
A75: Wuzhou | C75: CNWUZ | D75: 7350 | E75: 7750 | F75: 7750 | G75: 7350 | H75: 7750 | I75: 7750 | J75: 7350 | K75: 7750 | L75: 7750 | M75: 7350 | N75: 7750 | O75: 7750 | P75: 7350 | Q75: 7750 | R75: 7750 | S75: 7350 | T75: 7750 | U75: 7750 | V75: 7350 | W75: 7750 | X75: 7750 | Y75: 7350 | Z75: 7750 | AA75: 7750 | AB75: 7350 | AC75: 7750 | AD75: 7750 | AE75: 7350 | AF75: 7750 | AG75: 7750 | AH75: 7150 | AI75: 7550 | AJ75: 7550 | AK75: 7650 | AL75: 8150 | AM75: 8150 | AN75: 1300 | AO75: 1400 | AP75: 1400 | AQ75: 7990 | AR75: 8715 | AS75: 8715 | AT75: 7475 | AU75: 7950 | AV75: 7950 | AW75: 8350 | AX75: 8750 | AY75: 8750 | AZ75: 7950 | BA75: 8575 | BB75: 8575 | BC75: 8100 | BD75: 8625 | BE75: 8625 | BF75: 8175 | BG75: 8950 | BH75: 8950 | BI75: 8550 | BJ75: 8950 | BK75: 8950 | BL75: 8550 | BM75: 8950 | BN75: 8950 | BO75: 8550 | BP75: 8950 | BQ75: 8950 | BR75: -100 | BS75: -100 | BT75: -100 | BU75: =(BO75+2791)-100 -> 11241 | BV75: =(BP75+2791)-100 -> 11641 | BW75: =(BQ75+2791)-100 -> 11641
A76: Wuhan | C76: CNWUH | D76: 7425 | E76: 7950 | F76: 7950 | G76: 7425 | H76: 7950 | I76: 7950 | J76: 7425 | K76: 7950 | L76: 7950 | M76: 7425 | N76: 7950 | O76: 7950 | P76: 7425 | Q76: 7950 | R76: 7950 | S76: 7425 | T76: 7950 | U76: 7950 | V76: 7425 | W76: 7950 | X76: 7950 | Y76: 7425 | Z76: 7950 | AA76: 7950 | AB76: 7425 | AC76: 7950 | AD76: 7950 | AE76: 7425 | AF76: 7950 | AG76: 7950 | AH76: 7225 | AI76: 7750 | AJ76: 7750 | AK76: 7725 | AL76: 8350 | AM76: 8350 | AN76: 1300 | AO76: 1400 | AP76: 1400 | AQ76: 8065 | AR76: 8915 | AS76: 8915 | AT76: 7550 | AU76: 8150 | AV76: 8150 | AW76: 8425 | AX76: 8950 | AY76: 8950 | AZ76: 8025 | BA76: 8775 | BB76: 8775 | BC76: 8175 | BD76: 8825 | BE76: 8825 | BF76: 8250 | BG76: 9150 | BH76: 9150 | BI76: 8625 | BJ76: 9150 | BK76: 9150 | BL76: 8625 | BM76: 9150 | BN76: 9150 | BO76: 8625 | BP76: 9150 | BQ76: 9150 | BR76: -100 | BS76: -100 | BT76: -100 | BU76: =(BO76+2791)-100 -> 11316 | BV76: =(BP76+2791)-100 -> 11841 | BW76: =(BQ76+2791)-100 -> 11841
A77: Taicang | B77: Via SHA | C77: CNTAG | D77: 7375 | E77: 7700 | F77: 7700 | G77: 7375 | H77: 7700 | I77: 7700 | J77: 7375 | K77: 7700 | L77: 7700 | M77: 7375 | N77: 7700 | O77: 7700 | P77: 7375 | Q77: 7700 | R77: 7700 | S77: 7375 | T77: 7700 | U77: 7700 | V77: 7375 | W77: 7700 | X77: 7700 | Y77: 7375 | Z77: 7700 | AA77: 7700 | AB77: 7375 | AC77: 7700 | AD77: 7700 | AE77: 7375 | AF77: 7700 | AG77: 7700 | AH77: 7175 | AI77: 7500 | AJ77: 7500 | AK77: 7675 | AL77: 8100 | AM77: 8100 | AN77: 1300 | AO77: 1400 | AP77: 1400 | AQ77: 8015 | AR77: 8665 | AS77: 8665 | AT77: 7500 | AU77: 7900 | AV77: 7900 | AW77: 8375 | AX77: 8700 | AY77: 8700 | AZ77: 7975 | BA77: 8525 | BB77: 8525 | BC77: 8125 | BD77: 8575 | BE77: 8575 | BF77: 8200 | BG77: 8900 | BH77: 8900 | BI77: 8575 | BJ77: 8900 | BK77: 8900 | BL77: 8575 | BM77: 8900 | BN77: 8900 | BO77: 8575 | BP77: 8900 | BQ77: 8900 | BR77: -100 | BS77: -100 | BT77: -100 | BU77: =(BO77+2791)-100 -> 11266 | BV77: =(BP77+2791)-100 -> 11591 | BW77: =(BQ77+2791)-100 -> 11591
A78: Taicang | B78: Via NGB | C78: CNTAG | D78: 7300 | E78: 7600 | F78: 7600 | G78: 7300 | H78: 7600 | I78: 7600 | J78: 7300 | K78: 7600 | L78: 7600 | M78: 7300 | N78: 7600 | O78: 7600 | P78: 7300 | Q78: 7600 | R78: 7600 | S78: 7300 | T78: 7600 | U78: 7600 | V78: 7300 | W78: 7600 | X78: 7600 | Y78: 7300 | Z78: 7600 | AA78: 7600 | AB78: 7300 | AC78: 7600 | AD78: 7600 | AE78: 7300 | AF78: 7600 | AG78: 7600 | AH78: 7100 | AI78: 7400 | AJ78: 7400 | AK78: 7600 | AL78: 8000 | AM78: 8000 | AN78: 1300 | AO78: 1400 | AP78: 1400 | AQ78: 7940 | AR78: 8565 | AS78: 8565 | AT78: 7425 | AU78: 7800 | AV78: 7800 | AW78: 8300 | AX78: 8600 | AY78: 8600 | AZ78: 7900 | BA78: 8425 | BB78: 8425 | BC78: 8050 | BD78: 8475 | BE78: 8475 | BF78: 8125 | BG78: 8800 | BH78: 8800 | BI78: 8500 | BJ78: 8800 | BK78: 8800 | BL78: 8500 | BM78: 8800 | BN78: 8800 | BO78: 8500 | BP78: 8800 | BQ78: 8800 | BR78: -100 | BS78: -100 | BT78: -100 | BU78: =(BO78+2791)-100 -> 11191 | BV78: =(BP78+2791)-100 -> 11491 | BW78: =(BQ78+2791)-100 -> 11491
A79: Yangzhou | C79: CNYZH | D79: 7400 | E79: 7850 | F79: 7850 | G79: 7400 | H79: 7850 | I79: 7850 | J79: 7400 | K79: 7850 | L79: 7850 | M79: 7400 | N79: 7850 | O79: 7850 | P79: 7400 | Q79: 7850 | R79: 7850 | S79: 7400 | T79: 7850 | U79: 7850 | V79: 7400 | W79: 7850 | X79: 7850 | Y79: 7400 | Z79: 7850 | AA79: 7850 | AB79: 7400 | AC79: 7850 | AD79: 7850 | AE79: 7400 | AF79: 7850 | AG79: 7850 | AH79: 7200 | AI79: 7650 | AJ79: 7650 | AK79: 7700 | AL79: 8250 | AM79: 8250 | AN79: 1300 | AO79: 1400 | AP79: 1400 | AQ79: 8040 | AR79: 8815 | AS79: 8815 | AT79: 7525 | AU79: 8050 | AV79: 8050 | AW79: 8400 | AX79: 8850 | AY79: 8850 | AZ79: 8000 | BA79: 8675 | BB79: 8675 | BC79: 8150 | BD79: 8725 | BE79: 8725 | BF79: 8225 | BG79: 9050 | BH79: 9050 | BI79: 8600 | BJ79: 9050 | BK79: 9050 | BL79: 8600 | BM79: 9050 | BN79: 9050 | BO79: 8600 | BP79: 9050 | BQ79: 9050 | BR79: -100 | BS79: -100 | BT79: -100 | BU79: =(BO79+2791)-100 -> 11291 | BV79: =(BP79+2791)-100 -> 11741 | BW79: =(BQ79+2791)-100 -> 11741
A80: Yichang | B80: Via SHA | C80: CNYIC | D80: 7600 | E80: 8200 | F80: 8200 | G80: 7600 | H80: 8200 | I80: 8200 | J80: 7600 | K80: 8200 | L80: 8200 | M80: 7600 | N80: 8200 | O80: 8200 | P80: 7600 | Q80: 8200 | R80: 8200 | S80: 7600 | T80: 8200 | U80: 8200 | V80: 7600 | W80: 8200 | X80: 8200 | Y80: 7600 | Z80: 8200 | AA80: 8200 | AB80: 7600 | AC80: 8200 | AD80: 8200 | AE80: 7600 | AF80: 8200 | AG80: 8200 | AH80: 7400 | AI80: 8000 | AJ80: 8000 | AK80: 7900 | AL80: 8600 | AM80: 8600 | AN80: 800 | AO80: 800 | AP80: 800 | AQ80: 8240 | AR80: 9165 | AS80: 9165 | AT80: 7725 | AU80: 8400 | AV80: 8400 | AW80: 8600 | AX80: 9200 | AY80: 9200 | AZ80: 8200 | BA80: 9025 | BB80: 9025 | BC80: 8350 | BD80: 9075 | BE80: 9075 | BF80: 8425 | BG80: 9400 | BH80: 9400 | BI80: 8800 | BJ80: 9400 | BK80: 9400 | BL80: 8800 | BM80: 9400 | BN80: 9400 | BO80: 8800 | BP80: 9400 | BQ80: 9400 | BU80: =(BO80+2791)-100 -> 11491 | BV80: =(BP80+2791)-100 -> 12091 | BW80: =(BQ80+2791)-100 -> 12091
A81: Zhenjiang | B81: Via SHA | C81: CNZHE | D81: 7400 | E81: 7850 | F81: 7850 | G81: 7400 | H81: 7850 | I81: 7850 | J81: 7400 | K81: 7850 | L81: 7850 | M81: 7400 | N81: 7850 | O81: 7850 | P81: 7400 | Q81: 7850 | R81: 7850 | S81: 7400 | T81: 7850 | U81: 7850 | V81: 7400 | W81: 7850 | X81: 7850 | Y81: 7400 | Z81: 7850 | AA81: 7850 | AB81: 7400 | AC81: 7850 | AD81: 7850 | AE81: 7400 | AF81: 7850 | AG81: 7850 | AH81: 7200 | AI81: 7650 | AJ81: 7650 | AK81: 7700 | AL81: 8250 | AM81: 8250 | AN81: 1300 | AO81: 1400 | AP81: 1400 | AQ81: 8040 | AR81: 8815 | AS81: 8815 | AT81: 7525 | AU81: 8050 | AV81: 8050 | AW81: 8400 | AX81: 8850 | AY81: 8850 | AZ81: 8000 | BA81: 8675 | BB81: 8675 | BC81: 8150 | BD81: 8725 | BE81: 8725 | BF81: 8225 | BG81: 9050 | BH81: 9050 | BI81: 8600 | BJ81: 9050 | BK81: 9050 | BL81: 8600 | BM81: 9050 | BN81: 9050 | BO81: 8600 | BP81: 9050 | BQ81: 9050 | BR81: -100 | BS81: -100 | BT81: -100 | BU81: =(BO81+2791)-100 -> 11291 | BV81: =(BP81+2791)-100 -> 11741 | BW81: =(BQ81+2791)-100 -> 11741
A82: Zhenjiang | B82: Via NGB | C82: CNZHE | D82: 7400 | E82: 7850 | F82: 7850 | G82: 7400 | H82: 7850 | I82: 7850 | J82: 7400 | K82: 7850 | L82: 7850 | M82: 7400 | N82: 7850 | O82: 7850 | P82: 7400 | Q82: 7850 | R82: 7850 | S82: 7400 | T82: 7850 | U82: 7850 | V82: 7400 | W82: 7850 | X82: 7850 | Y82: 7400 | Z82: 7850 | AA82: 7850 | AB82: 7400 | AC82: 7850 | AD82: 7850 | AE82: 7400 | AF82: 7850 | AG82: 7850 | AH82: 7200 | AI82: 7650 | AJ82: 7650 | AK82: 7700 | AL82: 8250 | AM82: 8250 | AN82: 1300 | AO82: 1400 | AP82: 1400 | AQ82: 8040 | AR82: 8815 | AS82: 8815 | AT82: 7525 | AU82: 8050 | AV82: 8050 | AW82: 8400 | AX82: 8850 | AY82: 8850 | AZ82: 8000 | BA82: 8675 | BB82: 8675 | BC82: 8150 | BD82: 8725 | BE82: 8725 | BF82: 8225 | BG82: 9050 | BH82: 9050 | BI82: 8600 | BJ82: 9050 | BK82: 9050 | BL82: 8600 | BM82: 9050 | BN82: 9050 | BO82: 8600 | BP82: 9050 | BQ82: 9050 | BR82: -100 | BS82: -100 | BT82: -100 | BU82: =(BO82+2791)-100 -> 11291 | BV82: =(BP82+2791)-100 -> 11741 | BW82: =(BQ82+2791)-100 -> 11741
A83: Zhangjiagang | B83: Via SHA | C83: CNZJG | D83: 7450 | E83: 7900 | F83: 7900 | G83: 7450 | H83: 7900 | I83: 7900 | J83: 7450 | K83: 7900 | L83: 7900 | M83: 7450 | N83: 7900 | O83: 7900 | P83: 7450 | Q83: 7900 | R83: 7900 | S83: 7450 | T83: 7900 | U83: 7900 | V83: 7450 | W83: 7900 | X83: 7900 | Y83: 7450 | Z83: 7900 | AA83: 7900 | AB83: 7450 | AC83: 7900 | AD83: 7900 | AE83: 7450 | AF83: 7900 | AG83: 7900 | AH83: 7250 | AI83: 7700 | AJ83: 7700 | AK83: 7750 | AL83: 8300 | AM83: 8300 | AN83: 1300 | AO83: 1400 | AP83: 1400 | AQ83: 8090 | AR83: 8865 | AS83: 8865 | AT83: 7575 | AU83: 8100 | AV83: 8100 | AW83: 8450 | AX83: 8900 | AY83: 8900 | AZ83: 8050 | BA83: 8725 | BB83: 8725 | BC83: 8200 | BD83: 8775 | BE83: 8775 | BF83: 8275 | BG83: 9100 | BH83: 9100 | BI83: 8650 | BJ83: 9100 | BK83: 9100 | BL83: 8650 | BM83: 9100 | BN83: 9100 | BO83: 8650 | BP83: 9100 | BQ83: 9100 | BR83: -100 | BS83: -100 | BT83: -100 | BU83: =(BO83+2791)-100 -> 11341 | BV83: =(BP83+2791)-100 -> 11791 | BW83: =(BQ83+2791)-100 -> 11791
A84: Zhangjiagang | B84: Via NGB | C84: CNZJG | D84: 7450 | E84: 7900 | F84: 7900 | G84: 7450 | H84: 7900 | I84: 7900 | J84: 7450 | K84: 7900 | L84: 7900 | M84: 7450 | N84: 7900 | O84: 7900 | P84: 7450 | Q84: 7900 | R84: 7900 | S84: 7450 | T84: 7900 | U84: 7900 | V84: 7450 | W84: 7900 | X84: 7900 | Y84: 7450 | Z84: 7900 | AA84: 7900 | AB84: 7450 | AC84: 7900 | AD84: 7900 | AE84: 7450 | AF84: 7900 | AG84: 7900 | AH84: 7250 | AI84: 7700 | AJ84: 7700 | AK84: 7750 | AL84: 8300 | AM84: 8300 | AN84: 1300 | AO84: 1400 | AP84: 1400 | AQ84: 8090 | AR84: 8865 | AS84: 8865 | AT84: 7575 | AU84: 8100 | AV84: 8100 | AW84: 8450 | AX84: 8900 | AY84: 8900 | AZ84: 8050 | BA84: 8725 | BB84: 8725 | BC84: 8200 | BD84: 8775 | BE84: 8775 | BF84: 8275 | BG84: 9100 | BH84: 9100 | BI84: 8650 | BJ84: 9100 | BK84: 9100 | BL84: 8650 | BM84: 9100 | BN84: 9100 | BO84: 8650 | BP84: 9100 | BQ84: 9100 | BR84: -100 | BS84: -100 | BT84: -100 | BU84: =(BO84+2791)-100 -> 11341 | BV84: =(BP84+2791)-100 -> 11791 | BW84: =(BQ84+2791)-100 -> 11791
A85: Wuxi | C85: CNWUX | D85: 7340 | E85: 7755 | F85: 7755 | G85: 7340 | H85: 7755 | I85: 7755 | J85: 7340 | K85: 7755 | L85: 7755 | M85: 7340 | N85: 7755 | O85: 7755 | P85: 7340 | Q85: 7755 | R85: 7755 | S85: 7340 | T85: 7755 | U85: 7755 | V85: 7340 | W85: 7755 | X85: 7755 | Y85: 7340 | Z85: 7755 | AA85: 7755 | AB85: 7340 | AC85: 7755 | AD85: 7755 | AE85: 7340 | AF85: 7755 | AG85: 7755 | AH85: 7140 | AI85: 7555 | AJ85: 7555 | AK85: 7640 | AL85: 8155 | AM85: 8155 | AN85: 1300 | AO85: 1400 | AP85: 1400 | AQ85: 7980 | AR85: 8720 | AS85: 8720 | AT85: 7465 | AU85: 7955 | AV85: 7955 | AW85: 8340 | AX85: 8755 | AY85: 8755 | AZ85: 7940 | BA85: 8580 | BB85: 8580 | BC85: 8090 | BD85: 8630 | BE85: 8630 | BF85: 8165 | BG85: 8955 | BH85: 8955 | BI85: 8540 | BJ85: 8955 | BK85: 8955 | BL85: 8540 | BM85: 8955 | BN85: 8955 | BO85: 8540 | BP85: 8955 | BQ85: 8955 | BR85: -100 | BS85: -100 | BT85: -100 | BU85: =(BO85+2791)-100 -> 11231 | BV85: =(BP85+2791)-100 -> 11646 | BW85: =(BQ85+2791)-100 -> 11646
A86: Dafeng | C86: CNDFG | D86: 7425 | E86: 7800 | F86: 7800 | G86: 7425 | H86: 7800 | I86: 7800 | J86: 7425 | K86: 7800 | L86: 7800 | M86: 7425 | N86: 7800 | O86: 7800 | P86: 7425 | Q86: 7800 | R86: 7800 | S86: 7425 | T86: 7800 | U86: 7800 | V86: 7425 | W86: 7800 | X86: 7800 | Y86: 7425 | Z86: 7800 | AA86: 7800 | AB86: 7425 | AC86: 7800 | AD86: 7800 | AE86: 7425 | AF86: 7800 | AG86: 7800 | AH86: 7225 | AI86: 7600 | AJ86: 7600 | AK86: 7725 | AL86: 8200 | AM86: 8200 | AN86: 1300 | AO86: 1400 | AP86: 1400 | AQ86: 8065 | AR86: 8765 | AS86: 8765 | AT86: 7550 | AU86: 8000 | AV86: 8000 | AW86: 8425 | AX86: 8800 | AY86: 8800 | AZ86: 8025 | BA86: 8625 | BB86: 8625 | BC86: 8175 | BD86: 8675 | BE86: 8675 | BF86: 8250 | BG86: 9000 | BH86: 9000 | BI86: 8625 | BJ86: 9000 | BK86: 9000 | BL86: 8625 | BM86: 9000 | BN86: 9000 | BO86: 8625 | BP86: 9000 | BQ86: 9000 | BR86: -100 | BS86: -100 | BT86: -100 | BU86: =(BO86+2791)-100 -> 11316 | BV86: =(BP86+2791)-100 -> 11691 | BW86: =(BQ86+2791)-100 -> 11691
D87: 1400 | E87: 1500 | F87: 1500 | G87: 1400 | H87: 1500 | I87: 1500 | J87: 1400 | K87: 1500 | L87: 1500 | M87: 1400 | N87: 1500 | O87: 1500 | P87: 1400 | Q87: 1500 | R87: 1500 | S87: 1400 | T87: 1500 | U87: 1500 | V87: 1400 | W87: 1500 | X87: 1500 | Y87: 1400 | Z87: 1500 | AA87: 1500 | AB87: 1400 | AC87: 1500 | AD87: 1500 | AE87: 1400 | AF87: 1500 | AG87: 1500 | AH87: 1200 | AI87: 1300 | AJ87: 1300 | AK87: 1400 | AL87: 1500 | AM87: 1500 | AN87: 1400 | AO87: 1500 | AP87: 1500 | AQ87: 1400 | AR87: 1500 | AS87: 1500 | AT87: 1400 | AU87: 1500 | AV87: 1500 | AW87: 1500 | AX87: 1500 | AY87: 1500 | AZ87: 1400 | BA87: 1500 | BB87: 1500 | BC87: 1400 | BD87: 1500 | BE87: 1500 | BF87: 1400 | BG87: 1500 | BH87: 1500 | BI87: 1700 | BJ87: 1700 | BK87: 1700 | BL87: 1700 | BM87: 1700 | BN87: 1700 | BO87: 1700 | BP87: 1700 | BQ87: 1700
D88: 1400 | E88: 1500 | F88: 1500 | G88: 1400 | H88: 1500 | I88: 1500 | J88: 1400 | K88: 1500 | L88: 1500 | M88: 1400 | N88: 1500 | O88: 1500 | P88: 1400 | Q88: 1500 | R88: 1500 | S88: 1400 | T88: 1500 | U88: 1500 | V88: 1400 | W88: 1500 | X88: 1500 | Y88: 1400 | Z88: 1500 | AA88: 1500 | AB88: 1400 | AC88: 1500 | AD88: 1500 | AE88: 1400 | AF88: 1500 | AG88: 1500 | AH88: 1200 | AI88: 1300 | AJ88: 1300 | AK88: 1400 | AL88: 1500 | AM88: 1500 | AN88: 1400 | AO88: 1500 | AP88: 1500 | AQ88: 1400 | AR88: 1500 | AS88: 1500 | AT88: 1400 | AU88: 1500 | AV88: 1500 | AW88: 1500 | AX88: 1500 | AY88: 1500 | AZ88: 1400 | BA88: 1500 | BB88: 1500 | BC88: 1400 | BD88: 1500 | BE88: 1500 | BF88: 1400 | BG88: 1500 | BH88: 1500 | BI88: 1700 | BJ88: 1700 | BK88: 1700 | BL88: 1700 | BM88: 1700 | BN88: 1700 | BO88: 1700 | BP88: 1700 | BQ88: 1700
A89: Anqing | C89: CNAQG | D89: 7450 | E89: 7975 | F89: 7975 | G89: 7450 | H89: 7975 | I89: 7975 | J89: 7450 | K89: 7975 | L89: 7975 | M89: 7450 | N89: 7975 | O89: 7975 | P89: 7450 | Q89: 7975 | R89: 7975 | S89: 7450 | T89: 7975 | U89: 7975 | V89: 7450 | W89: 7975 | X89: 7975 | Y89: 7450 | Z89: 7975 | AA89: 7975 | AB89: 7450 | AC89: 7975 | AD89: 7975 | AE89: 7450 | AF89: 7975 | AG89: 7975 | AH89: 7250 | AI89: 7775 | AJ89: 7775 | AK89: 7750 | AL89: 8375 | AM89: 8375 | AN89: 1300 | AO89: 1400 | AP89: 1400 | AQ89: 8090 | AR89: 8940 | AS89: 8940 | AT89: 7575 | AU89: 8175 | AV89: 8175 | AW89: 8450 | AX89: 8975 | AY89: 8975 | AZ89: 8050 | BA89: 8800 | BB89: 8800 | BC89: 8200 | BD89: 8850 | BE89: 8850 | BF89: 8275 | BG89: 9175 | BH89: 9175 | BI89: 8650 | BJ89: 9175 | BK89: 9175 | BL89: 8650 | BM89: 9175 | BN89: 9175 | BO89: 8650 | BP89: 9175 | BQ89: 9175 | BR89: -100 | BS89: -100 | BT89: -100 | BU89: =(BO89+2791)-100 -> 11341 | BV89: =(BP89+2791)-100 -> 11866 | BW89: =(BQ89+2791)-100 -> 11866
A90: Hefei | B90: Via SHA Barge | C90: CNHFE | D90: 7450 | E90: 7900 | F90: 7900 | G90: 7450 | H90: 7900 | I90: 7900 | J90: 7450 | K90: 7900 | L90: 7900 | M90: 7450 | N90: 7900 | O90: 7900 | P90: 7450 | Q90: 7900 | R90: 7900 | S90: 7450 | T90: 7900 | U90: 7900 | V90: 7450 | W90: 7900 | X90: 7900 | Y90: 7450 | Z90: 7900 | AA90: 7900 | AB90: 7450 | AC90: 7900 | AD90: 7900 | AE90: 7450 | AF90: 7900 | AG90: 7900 | AH90: 7250 | AI90: 7700 | AJ90: 7700 | AK90: 7750 | AL90: 8300 | AM90: 8300 | AN90: 1300 | AO90: 1400 | AP90: 1400 | AQ90: 8090 | AR90: 8865 | AS90: 8865 | AT90: 7575 | AU90: 8100 | AV90: 8100 | AW90: 8450 | AX90: 8900 | AY90: 8900 | AZ90: 8050 | BA90: 8725 | BB90: 8725 | BC90: 8200 | BD90: 8775 | BE90: 8775 | BF90: 8275 | BG90: 9100 | BH90: 9100 | BI90: 8650 | BJ90: 9100 | BK90: 9100 | BL90: 8650 | BM90: 9100 | BN90: 9100 | BO90: 8650 | BP90: 9100 | BQ90: 9100 | BR90: -100 | BS90: -100 | BT90: -100 | BU90: =(BO90+2791)-100 -> 11341 | BV90: =(BP90+2791)-100 -> 11791 | BW90: =(BQ90+2791)-100 -> 11791
A91: Hefei | B91: Via SHA Rail | C91: CNHFE | D91: 7535 | E91: 7840 | F91: 7840 | G91: 7535 | H91: 7840 | I91: 7840 | J91: 7535 | K91: 7840 | L91: 7840 | M91: 7535 | N91: 7840 | O91: 7840 | P91: 7535 | Q91: 7840 | R91: 7840 | S91: 7535 | T91: 7840 | U91: 7840 | V91: 7535 | W91: 7840 | X91: 7840 | Y91: 7535 | Z91: 7840 | AA91: 7840 | AB91: 7535 | AC91: 7840 | AD91: 7840 | AE91: 7535 | AF91: 7840 | AG91: 7840 | AH91: 7335 | AI91: 7640 | AJ91: 7640 | AK91: 7835 | AL91: 8240 | AM91: 8240 | AN91: 1300 | AO91: 1400 | AP91: 1400 | AQ91: 8175 | AR91: 8805 | AS91: 8805 | AT91: 7660 | AU91: 8040 | AV91: 8040 | AW91: 8535 | AX91: 8840 | AY91: 8840 | AZ91: 8135 | BA91: 8665 | BB91: 8665 | BC91: 8285 | BD91: 8715 | BE91: 8715 | BF91: 8360 | BG91: 9040 | BH91: 9040 | BI91: 8735 | BJ91: 9040 | BK91: 9040 | BL91: 8735 | BM91: 9040 | BN91: 9040 | BO91: 8735 | BP91: 9040 | BQ91: 9040 | BR91: -100 | BS91: -100 | BT91: -100 | BU91: =(BO91+2791)-100 -> 11426 | BV91: =(BP91+2791)-100 -> 11731 | BW91: =(BQ91+2791)-100 -> 11731
A92: Huangshi | C92: CNHSI | D92: 7450 | E92: 8050 | F92: 8050 | G92: 7450 | H92: 8050 | I92: 8050 | J92: 7450 | K92: 8050 | L92: 8050 | M92: 7450 | N92: 8050 | O92: 8050 | P92: 7450 | Q92: 8050 | R92: 8050 | S92: 7450 | T92: 8050 | U92: 8050 | V92: 7450 | W92: 8050 | X92: 8050 | Y92: 7450 | Z92: 8050 | AA92: 8050 | AB92: 7450 | AC92: 8050 | AD92: 8050 | AE92: 7450 | AF92: 8050 | AG92: 8050 | AH92: 7250 | AI92: 7850 | AJ92: 7850 | AK92: 7750 | AL92: 8450 | AM92: 8450 | AN92: 1300 | AO92: 1400 | AP92: 1400 | AQ92: 8090 | AR92: 9015 | AS92: 9015 | AT92: 7575 | AU92: 8250 | AV92: 8250 | AW92: 8450 | AX92: 9050 | AY92: 9050 | AZ92: 8050 | BA92: 8875 | BB92: 8875 | BC92: 8200 | BD92: 8925 | BE92: 8925 | BF92: 8275 | BG92: 9250 | BH92: 9250 | BI92: 8650 | BJ92: 9250 | BK92: 9250 | BL92: 8650 | BM92: 9250 | BN92: 9250 | BO92: 8650 | BP92: 9250 | BQ92: 9250 | BR92: -100 | BS92: -100 | BT92: -100 | BU92: =(BO92+2791)-100 -> 11341 | BV92: =(BP92+2791)-100 -> 11941 | BW92: =(BQ92+2791)-100 -> 11941
A93: Yueyang (Chenglingji) | C93: CNYUY | D93: 7425 | E93: 7975 | F93: 7975 | G93: 7425 | H93: 7975 | I93: 7975 | J93: 7425 | K93: 7975 | L93: 7975 | M93: 7425 | N93: 7975 | O93: 7975 | P93: 7425 | Q93: 7975 | R93: 7975 | S93: 7425 | T93: 7975 | U93: 7975 | V93: 7425 | W93: 7975 | X93: 7975 | Y93: 7425 | Z93: 7975 | AA93: 7975 | AB93: 7425 | AC93: 7975 | AD93: 7975 | AE93: 7425 | AF93: 7975 | AG93: 7975 | AH93: 7225 | AI93: 7775 | AJ93: 7775 | AK93: 7725 | AL93: 8375 | AM93: 8375 | AN93: 1300 | AO93: 1400 | AP93: 1400 | AQ93: 8065 | AR93: 8940 | AS93: 8940 | AT93: 7550 | AU93: 8175 | AV93: 8175 | AW93: 8425 | AX93: 8975 | AY93: 8975 | AZ93: 8025 | BA93: 8800 | BB93: 8800 | BC93: 8175 | BD93: 8850 | BE93: 8850 | BF93: 8250 | BG93: 9175 | BH93: 9175 | BI93: 8625 | BJ93: 9175 | BK93: 9175 | BL93: 8625 | BM93: 9175 | BN93: 9175 | BO93: 8625 | BP93: 9175 | BQ93: 9175 | BR93: -100 | BS93: -100 | BT93: -100 | BU93: =(BO93+2791)-100 -> 11316 | BV93: =(BP93+2791)-100 -> 11866 | BW93: =(BQ93+2791)-100 -> 11866
A94: Lianyungang | B94: Via TAO | C94: CNLYG | D94: 7275 | E94: 7650 | F94: 7650 | G94: 7275 | H94: 7650 | I94: 7650 | J94: 7275 | K94: 7650 | L94: 7650 | M94: 7275 | N94: 7650 | O94: 7650 | P94: 7275 | Q94: 7650 | R94: 7650 | S94: 7275 | T94: 7650 | U94: 7650 | V94: 7275 | W94: 7650 | X94: 7650 | Y94: 7275 | Z94: 7650 | AA94: 7650 | AB94: 7275 | AC94: 7650 | AD94: 7650 | AE94: 7275 | AF94: 7650 | AG94: 7650 | AH94: 7075 | AI94: 7450 | AJ94: 7450 | AK94: 7575 | AL94: 8050 | AM94: 8050 | AN94: 1300 | AO94: 1400 | AP94: 1400 | AQ94: 7915 | AR94: 8615 | AS94: 8615 | AT94: 7400 | AU94: 7850 | AV94: 7850 | AW94: 8275 | AX94: 8650 | AY94: 8650 | AZ94: 7875 | BA94: 8475 | BB94: 8475 | BC94: 8025 | BD94: 8525 | BE94: 8525 | BF94: 8100 | BG94: 8850 | BH94: 8850 | BI94: 8475 | BJ94: 8850 | BK94: 8850 | BL94: 8475 | BM94: 8850 | BN94: 8850 | BO94: 8475 | BP94: 8850 | BQ94: 8850 | BR94: 5544 | BS94: 5819 | BT94: 5819 | BU94: =(BO94+2791)-100 -> 11166 | BV94: =(BP94+2791)-100 -> 11541 | BW94: =(BQ94+2791)-100 -> 11541
A95: Lianyungang | B95: Via SHA | C95: CNLYG | D95: 7330 | E95: 7750 | F95: 7750 | G95: 7330 | H95: 7750 | I95: 7750 | J95: 7330 | K95: 7750 | L95: 7750 | M95: 7330 | N95: 7750 | O95: 7750 | P95: 7330 | Q95: 7750 | R95: 7750 | S95: 7330 | T95: 7750 | U95: 7750 | V95: 7330 | W95: 7750 | X95: 7750 | Y95: 7330 | Z95: 7750 | AA95: 7750 | AB95: 7330 | AC95: 7750 | AD95: 7750 | AE95: 7330 | AF95: 7750 | AG95: 7750 | AH95: 7130 | AI95: 7550 | AJ95: 7550 | AK95: 7630 | AL95: 8150 | AM95: 8150 | AN95: 1300 | AO95: 1400 | AP95: 1400 | AQ95: 7970 | AR95: 8715 | AS95: 8715 | AT95: 7455 | AU95: 7950 | AV95: 7950 | AW95: 8330 | AX95: 8750 | AY95: 8750 | AZ95: 7930 | BA95: 8575 | BB95: 8575 | BC95: 8080 | BD95: 8625 | BE95: 8625 | BF95: 8155 | BG95: 8950 | BH95: 8950 | BI95: 8530 | BJ95: 8950 | BK95: 8950 | BL95: 8530 | BM95: 8950 | BN95: 8950 | BO95: 8530 | BP95: 8950 | BQ95: 8950 | BR95: 5599 | BS95: 5919 | BT95: 5919 | BU95: =(BO95+2791)-100 -> 11221 | BV95: =(BP95+2791)-100 -> 11641 | BW95: =(BQ95+2791)-100 -> 11641
A96: Lianyungang | B96: Via NGB | C96: CNLYG | D96: 7325 | E96: 7825 | F96: 7825 | G96: 7325 | H96: 7825 | I96: 7825 | J96: 7325 | K96: 7825 | L96: 7825 | M96: 7325 | N96: 7825 | O96: 7825 | P96: 7325 | Q96: 7825 | R96: 7825 | S96: 7325 | T96: 7825 | U96: 7825 | V96: 7325 | W96: 7825 | X96: 7825 | Y96: 7325 | Z96: 7825 | AA96: 7825 | AB96: 7325 | AC96: 7825 | AD96: 7825 | AE96: 7325 | AF96: 7825 | AG96: 7825 | AH96: 7125 | AI96: 7625 | AJ96: 7625 | AK96: 7625 | AL96: 8225 | AM96: 8225 | AN96: 1300 | AO96: 1400 | AP96: 1400 | AQ96: 7965 | AR96: 8790 | AS96: 8790 | AT96: 7450 | AU96: 8025 | AV96: 8025 | AW96: 8325 | AX96: 8825 | AY96: 8825 | AZ96: 7925 | BA96: 8650 | BB96: 8650 | BC96: 8075 | BD96: 8700 | BE96: 8700 | BF96: 8150 | BG96: 9025 | BH96: 9025 | BI96: 8525 | BJ96: 9025 | BK96: 9025 | BL96: 8525 | BM96: 9025 | BN96: 9025 | BO96: 8525 | BP96: 9025 | BQ96: 9025 | BR96: -100 | BS96: -100 | BT96: -100 | BU96: =(BO96+2791)-100 -> 11216 | BV96: =(BP96+2791)-100 -> 11716 | BW96: =(BQ96+2791)-100 -> 11716
A97: Zhapu | B97: Via NGB | C97: CNZAP | D97: 7320 | E97: 7680 | F97: 7680 | G97: 7320 | H97: 7680 | I97: 7680 | J97: 7320 | K97: 7680 | L97: 7680 | M97: 7320 | N97: 7680 | O97: 7680 | P97: 7320 | Q97: 7680 | R97: 7680 | S97: 7320 | T97: 7680 | U97: 7680 | V97: 7320 | W97: 7680 | X97: 7680 | Y97: 7320 | Z97: 7680 | AA97: 7680 | AB97: 7320 | AC97: 7680 | AD97: 7680 | AE97: 7320 | AF97: 7680 | AG97: 7680 | AH97: 7120 | AI97: 7480 | AJ97: 7480 | AK97: 7620 | AL97: 8080 | AM97: 8080 | AN97: 1300 | AO97: 1400 | AP97: 1400 | AQ97: 7960 | AR97: 8645 | AS97: 8645 | AT97: 7445 | AU97: 7880 | AV97: 7880 | AW97: 8320 | AX97: 8680 | AY97: 8680 | AZ97: 7920 | BA97: 8505 | BB97: 8505 | BC97: 8070 | BD97: 8555 | BE97: 8555 | BF97: 8145 | BG97: 8880 | BH97: 8880 | BI97: 8520 | BJ97: 8880 | BK97: 8880 | BL97: 8520 | BM97: 8880 | BN97: 8880 | BO97: 8520 | BP97: 8880 | BQ97: 8880 | BR97: -100 | BS97: -100 | BT97: -100 | BU97: =(BO97+2791)-100 -> 11211 | BV97: =(BP97+2791)-100 -> 11571 | BW97: =(BQ97+2791)-100 -> 11571
A98: Wenzhou | B98: Via NGB | C98: CNWNZ | D98: 7300 | E98: 7700 | F98: 7700 | G98: 7300 | H98: 7700 | I98: 7700 | J98: 7300 | K98: 7700 | L98: 7700 | M98: 7300 | N98: 7700 | O98: 7700 | P98: 7300 | Q98: 7700 | R98: 7700 | S98: 7300 | T98: 7700 | U98: 7700 | V98: 7300 | W98: 7700 | X98: 7700 | Y98: 7300 | Z98: 7700 | AA98: 7700 | AB98: 7300 | AC98: 7700 | AD98: 7700 | AE98: 7300 | AF98: 7700 | AG98: 7700 | AH98: 7100 | AI98: 7500 | AJ98: 7500 | AK98: 7600 | AL98: 8100 | AM98: 8100 | AN98: 1300 | AO98: 1400 | AP98: 1400 | AQ98: 7940 | AR98: 8665 | AS98: 8665 | AT98: 7425 | AU98: 7900 | AV98: 7900 | AW98: 8300 | AX98: 8700 | AY98: 8700 | AZ98: 7900 | BA98: 8525 | BB98: 8525 | BC98: 8050 | BD98: 8575 | BE98: 8575 | BF98: 8125 | BG98: 8900 | BH98: 8900 | BI98: 8500 | BJ98: 8900 | BK98: 8900 | BL98: 8500 | BM98: 8900 | BN98: 8900 | BO98: 8500 | BP98: 8900 | BQ98: 8900 | BR98: -100 | BS98: -100 | BT98: -100 | BU98: =(BO98+2791)-100 -> 11191 | BV98: =(BP98+2791)-100 -> 11591 | BW98: =(BQ98+2791)-100 -> 11591
A99: Haikou/ Yangpu | C99: CNHAK/ CNYPG | D99: 7500 | E99: 8050 | F99: 8050 | G99: 7500 | H99: 8050 | I99: 8050 | J99: 7500 | K99: 8050 | L99: 8050 | M99: 7500 | N99: 8050 | O99: 8050 | P99: 7500 | Q99: 8050 | R99: 8050 | S99: 7500 | T99: 8050 | U99: 8050 | V99: 7500 | W99: 8050 | X99: 8050 | Y99: 7500 | Z99: 8050 | AA99: 8050 | AB99: 7500 | AC99: 8050 | AD99: 8050 | AE99: 7500 | AF99: 8050 | AG99: 8050 | AH99: 7300 | AI99: 7850 | AJ99: 7850 | AK99: 7800 | AL99: 8450 | AM99: 8450 | AN99: 1300 | AO99: 1400 | AP99: 1400 | AQ99: 8140 | AR99: 9015 | AS99: 9015 | AT99: 7625 | AU99: 8250 | AV99: 8250 | AW99: 8500 | AX99: 9050 | AY99: 9050 | AZ99: 8100 | BA99: 8875 | BB99: 8875 | BC99: 8250 | BD99: 8925 | BE99: 8925 | BF99: 8325 | BG99: 9250 | BH99: 9250 | BI99: 8700 | BJ99: 9250 | BK99: 9250 | BL99: 8700 | BM99: 9250 | BN99: 9250 | BO99: 8700 | BP99: 9250 | BQ99: 9250 | BR99: -100 | BS99: -100 | BT99: -100 | BU99: =(BO99+2791)-100 -> 11391 | BV99: =(BP99+2791)-100 -> 11941 | BW99: =(BQ99+2791)-100 -> 11941
A100: Yiwu | B100: Via NGB Rail | C100: CNYIU | D100: 7300 | E100: 7700 | F100: 7700 | G100: 7300 | H100: 7700 | I100: 7700 | J100: 7300 | K100: 7700 | L100: 7700 | M100: 7300 | N100: 7700 | O100: 7700 | P100: 7300 | Q100: 7700 | R100: 7700 | S100: 7300 | T100: 7700 | U100: 7700 | V100: 7300 | W100: 7700 | X100: 7700 | Y100: 7300 | Z100: 7700 | AA100: 7700 | AB100: 7300 | AC100: 7700 | AD100: 7700 | AE100: 7300 | AF100: 7700 | AG100: 7700 | AH100: 7100 | AI100: 7500 | AJ100: 7500 | AK100: 7600 | AL100: 8100 | AM100: 8100 | AN100: 1300 | AO100: 1400 | AP100: 1400 | AQ100: 7940 | AR100: 8665 | AS100: 8665 | AT100: 7425 | AU100: 7900 | AV100: 7900 | AW100: 8300 | AX100: 8700 | AY100: 8700 | AZ100: 7900 | BA100: 8525 | BB100: 8525 | BC100: 8050 | BD100: 8575 | BE100: 8575 | BF100: 8125 | BG100: 8900 | BH100: 8900 | BI100: 8500 | BJ100: 8900 | BK100: 8900 | BL100: 8500 | BM100: 8900 | BN100: 8900 | BO100: 8500 | BP100: 8900 | BQ100: 8900 | BR100: -100 | BS100: -100 | BT100: -100 | BU100: =(BO100+2791)-100 -> 11191 | BV100: =(BP100+2791)-100 -> 11591 | BW100: =(BQ100+2791)-100 -> 11591
A101: Changzhou | B101: Rail via SHA | C101: CNCZX | D101: 7395 | E101: 7705 | F101: 7705 | G101: 7395 | H101: 7705 | I101: 7705 | J101: 7395 | K101: 7705 | L101: 7705 | M101: 7395 | N101: 7705 | O101: 7705 | P101: 7395 | Q101: 7705 | R101: 7705 | S101: 7395 | T101: 7705 | U101: 7705 | V101: 7395 | W101: 7705 | X101: 7705 | Y101: 7395 | Z101: 7705 | AA101: 7705 | AB101: 7395 | AC101: 7705 | AD101: 7705 | AE101: 7395 | AF101: 7705 | AG101: 7705 | AH101: 7195 | AI101: 7505 | AJ101: 7505 | AK101: 7695 | AL101: 8105 | AM101: 8105 | AN101: 1300 | AO101: 1400 | AP101: 1400 | AQ101: 8035 | AR101: 8670 | AS101: 8670 | AT101: 7520 | AU101: 7905 | AV101: 7905 | AW101: 8395 | AX101: 8705 | AY101: 8705 | AZ101: 7995 | BA101: 8530 | BB101: 8530 | BC101: 8145 | BD101: 8580 | BE101: 8580 | BF101: 8220 | BG101: 8905 | BH101: 8905 | BI101: 8595 | BJ101: 8905 | BK101: 8905 | BL101: 8595 | BM101: 8905 | BN101: 8905 | BO101: 8595 | BP101: 8905 | BQ101: 8905 | BR101: -100 | BS101: -100 | BT101: -100 | BU101: =(BO101+2791)-100 -> 11286 | BV101: =(BP101+2791)-100 -> 11596 | BW101: =(BQ101+2791)-100 -> 11596
A102: Chuzhou | B102: Rail via SHA | C102: CNCZH | D102: 7550 | E102: 7835 | F102: 7835 | G102: 7550 | H102: 7835 | I102: 7835 | J102: 7550 | K102: 7835 | L102: 7835 | M102: 7550 | N102: 7835 | O102: 7835 | P102: 7550 | Q102: 7835 | R102: 7835 | S102: 7550 | T102: 7835 | U102: 7835 | V102: 7550 | W102: 7835 | X102: 7835 | Y102: 7550 | Z102: 7835 | AA102: 7835 | AB102: 7550 | AC102: 7835 | AD102: 7835 | AE102: 7550 | AF102: 7835 | AG102: 7835 | AH102: 7350 | AI102: 7635 | AJ102: 7635 | AK102: 7850 | AL102: 8235 | AM102: 8235 | AN102: 1300 | AO102: 1400 | AP102: 1400 | AQ102: 8190 | AR102: 8800 | AS102: 8800 | AT102: 7675 | AU102: 8035 | AV102: 8035 | AW102: 8550 | AX102: 8835 | AY102: 8835 | AZ102: 8150 | BA102: 8660 | BB102: 8660 | BC102: 8300 | BD102: 8710 | BE102: 8710 | BF102: 8375 | BG102: 9035 | BH102: 9035 | BI102: 8750 | BJ102: 9035 | BK102: 9035 | BL102: 8750 | BM102: 9035 | BN102: 9035 | BO102: 8750 | BP102: 9035 | BQ102: 9035 | BR102: -100 | BS102: -100 | BT102: -100 | BU102: =(BO102+2791)-100 -> 11441 | BV102: =(BP102+2791)-100 -> 11726 | BW102: =(BQ102+2791)-100 -> 11726
A103: Bengbu | B103: Rail via SHA | C103: CNBFU | D103: 7530 | E103: 7860 | F103: 7860 | G103: 7530 | H103: 7860 | I103: 7860 | J103: 7530 | K103: 7860 | L103: 7860 | M103: 7530 | N103: 7860 | O103: 7860 | P103: 7530 | Q103: 7860 | R103: 7860 | S103: 7530 | T103: 7860 | U103: 7860 | V103: 7530 | W103: 7860 | X103: 7860 | Y103: 7530 | Z103: 7860 | AA103: 7860 | AB103: 7530 | AC103: 7860 | AD103: 7860 | AE103: 7530 | AF103: 7860 | AG103: 7860 | AH103: 7330 | AI103: 7660 | AJ103: 7660 | AK103: 7830 | AL103: 8260 | AM103: 8260 | AN103: 1300 | AO103: 1400 | AP103: 1400 | AQ103: 8170 | AR103: 8825 | AS103: 8825 | AT103: 7655 | AU103: 8060 | AV103: 8060 | AW103: 8530 | AX103: 8860 | AY103: 8860 | AZ103: 8130 | BA103: 8685 | BB103: 8685 | BC103: 8280 | BD103: 8735 | BE103: 8735 | BF103: 8355 | BG103: 9060 | BH103: 9060 | BI103: 8730 | BJ103: 9060 | BK103: 9060 | BL103: 8730 | BM103: 9060 | BN103: 9060 | BO103: 8730 | BP103: 9060 | BQ103: 9060 | BR103: -100 | BS103: -100 | BT103: -100 | BU103: =(BO103+2791)-100 -> 11421 | BV103: =(BP103+2791)-100 -> 11751 | BW103: =(BQ103+2791)-100 -> 11751
A104: Huaian | B104: Rail via SHA | C104: CNHUN | D104: 7565 | E104: 7850 | F104: 7850 | G104: 7565 | H104: 7850 | I104: 7850 | J104: 7565 | K104: 7850 | L104: 7850 | M104: 7565 | N104: 7850 | O104: 7850 | P104: 7565 | Q104: 7850 | R104: 7850 | S104: 7565 | T104: 7850 | U104: 7850 | V104: 7565 | W104: 7850 | X104: 7850 | Y104: 7565 | Z104: 7850 | AA104: 7850 | AB104: 7565 | AC104: 7850 | AD104: 7850 | AE104: 7565 | AF104: 7850 | AG104: 7850 | AH104: 7365 | AI104: 7650 | AJ104: 7650 | AK104: 7865 | AL104: 8250 | AM104: 8250 | AN104: 1300 | AO104: 1400 | AP104: 1400 | AQ104: 8205 | AR104: 8815 | AS104: 8815 | AT104: 7690 | AU104: 8050 | AV104: 8050 | AW104: 8565 | AX104: 8850 | AY104: 8850 | AZ104: 8165 | BA104: 8675 | BB104: 8675 | BC104: 8315 | BD104: 8725 | BE104: 8725 | BF104: 8390 | BG104: 9050 | BH104: 9050 | BI104: 8765 | BJ104: 9050 | BK104: 9050 | BL104: 8765 | BM104: 9050 | BN104: 9050 | BO104: 8765 | BP104: 9050 | BQ104: 9050 | BR104: -100 | BS104: -100 | BT104: -100 | BU104: =(BO104+2791)-100 -> 11456 | BV104: =(BP104+2791)-100 -> 11741 | BW104: =(BQ104+2791)-100 -> 11741
A105: Yancheng | B105: Rail via SHA | C105: CNYNC | D105: 7455 | E105: 7755 | F105: 7755 | G105: 7455 | H105: 7755 | I105: 7755 | J105: 7455 | K105: 7755 | L105: 7755 | M105: 7455 | N105: 7755 | O105: 7755 | P105: 7455 | Q105: 7755 | R105: 7755 | S105: 7455 | T105: 7755 | U105: 7755 | V105: 7455 | W105: 7755 | X105: 7755 | Y105: 7455 | Z105: 7755 | AA105: 7755 | AB105: 7455 | AC105: 7755 | AD105: 7755 | AE105: 7455 | AF105: 7755 | AG105: 7755 | AH105: 7255 | AI105: 7555 | AJ105: 7555 | AK105: 7755 | AL105: 8155 | AM105: 8155 | AN105: 1300 | AO105: 1400 | AP105: 1400 | AQ105: 8095 | AR105: 8720 | AS105: 8720 | AT105: 7580 | AU105: 7955 | AV105: 7955 | AW105: 8455 | AX105: 8755 | AY105: 8755 | AZ105: 8055 | BA105: 8580 | BB105: 8580 | BC105: 8205 | BD105: 8630 | BE105: 8630 | BF105: 8280 | BG105: 8955 | BH105: 8955 | BI105: 8655 | BJ105: 8955 | BK105: 8955 | BL105: 8655 | BM105: 8955 | BN105: 8955 | BO105: 8655 | BP105: 8955 | BQ105: 8955 | BR105: -100 | BS105: -100 | BT105: -100 | BU105: =(BO105+2791)-100 -> 11346 | BV105: =(BP105+2791)-100 -> 11646 | BW105: =(BQ105+2791)-100 -> 11646
A106: Ganzhou, Jiangxi | B106: Rail via YTN | C106: CNGAN | D106: 7660 | E106: 8100 | F106: 8100 | G106: 7660 | H106: 8100 | I106: 8100 | J106: 7660 | K106: 8100 | L106: 8100 | M106: 7660 | N106: 8100 | O106: 8100 | P106: 7660 | Q106: 8100 | R106: 8100 | S106: 7660 | T106: 8100 | U106: 8100 | V106: 7660 | W106: 8100 | X106: 8100 | Y106: 7660 | Z106: 8100 | AA106: 8100 | AB106: 7660 | AC106: 8100 | AD106: 8100 | AE106: 7660 | AF106: 8100 | AG106: 8100 | AH106: 7460 | AI106: 7900 | AJ106: 7900 | AK106: 7960 | AL106: 8500 | AM106: 8500 | AN106: 1300 | AO106: 1400 | AP106: 1400 | AQ106: 8300 | AR106: 9065 | AS106: 9065 | AT106: 7785 | AU106: 8300 | AV106: 8300 | AW106: 8660 | AX106: 9100 | AY106: 9100 | AZ106: 8260 | BA106: 8925 | BB106: 8925 | BC106: 8410 | BD106: 8975 | BE106: 8975 | BF106: 8485 | BG106: 9300 | BH106: 9300 | BI106: 8860 | BJ106: 9300 | BK106: 9300 | BL106: 8860 | BM106: 9300 | BN106: 9300 | BO106: 8860 | BP106: 9300 | BQ106: 9300 | BR106: -100 | BS106: -100 | BT106: -100 | BU106: =(BO106+2791)-100 -> 11551 | BV106: =(BP106+2791)-100 -> 11991 | BW106: =(BQ106+2791)-100 -> 11991
A107: Ganzhou, Jiangxi | B107: Rail via SHK | C107: CNGAN | D107: 7700 | E107: 8150 | F107: 8150 | G107: 7700 | H107: 8150 | I107: 8150 | J107: 7700 | K107: 8150 | L107: 8150 | M107: 7700 | N107: 8150 | O107: 8150 | P107: 7700 | Q107: 8150 | R107: 8150 | S107: 7700 | T107: 8150 | U107: 8150 | V107: 7700 | W107: 8150 | X107: 8150 | Y107: 7700 | Z107: 8150 | AA107: 8150 | AB107: 7700 | AC107: 8150 | AD107: 8150 | AE107: 7700 | AF107: 8150 | AG107: 8150 | AH107: 7500 | AI107: 7950 | AJ107: 7950 | AK107: 8000 | AL107: 8550 | AM107: 8550 | AN107: 1300 | AO107: 1400 | AP107: 1400 | AQ107: 8340 | AR107: 9115 | AS107: 9115 | AT107: 7825 | AU107: 8350 | AV107: 8350 | AW107: 8700 | AX107: 9150 | AY107: 9150 | AZ107: 8300 | BA107: 8975 | BB107: 8975 | BC107: 8450 | BD107: 9025 | BE107: 9025 | BF107: 8525 | BG107: 9350 | BH107: 9350 | BI107: 8900 | BJ107: 9350 | BK107: 9350 | BL107: 8900 | BM107: 9350 | BN107: 9350 | BO107: 8900 | BP107: 9350 | BQ107: 9350 | BR107: -100 | BS107: -100 | BT107: -100 | BU107: =(BO107+2791)-100 -> 11591 | BV107: =(BP107+2791)-100 -> 12041 | BW107: =(BQ107+2791)-100 -> 12041
...

Sheet S.E.A_JPN_SA_AU_NZ Dry 
C1: LAWC FAK Guideline rates
C3: From | D3: To
A4: Validity period | B4: ='China_TWN_SIN_HKG_KR Dry'!B4 -> FAK | C4: 46249 | D4: 46265
C6: POD
C7: Manzanillo,MX | F7: Lazaro Cardenas, MX | I7: Callao, PE | L7: Coronel CL | O7: San Vicente CL | R7: Lirquen, CL | U7: San Antonio, CL | X7: Valparaiso, CL | AA7: Buenaventura, CO | AD7: Guayaquil, EC | AG7: Posorja, EC | AJ7: Iquique, CL | AM7: Antofagasta, CL | AP7: Puerto Angamos, CL | AS7: Ensenada, MX | AV7: Puerto Quetzal, GT | AY7: Rodman , PA | BB7: Panama City, PA (Door) (via Rodman, PA) | BE7: Arica | BH7: Puerto Caldera, CR | BK7: Acajutla, SV | BN7: Corinto, NI | BQ7: San Lorenzo CY/CY , HN (Via NICIO using Marex service - Trucking )
C8: MXZLO | F8: MXLZC | I8: PECLL | L8: CLCNL | O8: CLSVE | R8: CLLQN | U8: CLSAI | X8: CLVAP | AA8: COBUN | AD8: ECGYE | AG8: ECPSJ | AJ8: CLIQQ | AM8: CLANF | AP8: CLPAG | AS8: MXESE | AV8: GTPRQ | AY8: PAROD | BB8: PAPTY | BE8: CLARI | BH8: CRCAL | BK8: SVAQJ | BN8: NICIO | BQ8: HNSLO
A9: POR | B9: POR CODE | C9: 20' | D9: 40' | E9: HCD | F9: 20' | G9: 40' | H9: HCD | I9: 20' | J9: 40' | K9: HCD | L9: 20' | M9: 40' | N9: HCD | O9: 20' | P9: 40' | Q9: HCD | R9: 20' | S9: 40' | T9: HCD | U9: 20' | V9: 40' | W9: HCD | X9: 20' | Y9: 40' | Z9: HCD | AA9: 20' | AB9: 40' | AC9: HCD | AD9: 20' | AE9: 40' | AF9: HCD | AG9: 20' | AH9: 40' | AI9: HCD | AJ9: 20' | AK9: 40' | AL9: HCD | AM9: 20' | AN9: 40' | AO9: HCD | AP9: 20' | AQ9: 40' | AR9: HCD | AS9: 20' | AT9: 40' | AU9: HCD | AV9: 20' | AW9: 40' | AX9: HCD | AY9: 20' | AZ9: 40' | BA9: HCD | BB9: 20' | BC9: 40' | BD9: HCD | BE9: 20' | BF9: 40' | BG9: HCD | BH9: 20' | BI9: 40' | BJ9: HCD | BK9: 20' | BL9: 40' | BM9: HCD | BN9: 20' | BO9: 40' | BP9: HCD | BQ9: 20' | BR9: 40' | BS9: HCD
A10: Laem Chabang | B10: THLCH | C10: 5800 | D10: 6100 | E10: 6100 | F10: 5800 | G10: 6100 | H10: 6100 | I10: 5800 | J10: 6100 | K10: 6100 | L10: 5800 | M10: 6100 | N10: 6100 | O10: 5800 | P10: 6100 | Q10: 6100 | R10: 5800 | S10: 6100 | T10: 6100 | U10: 5800 | V10: 6100 | W10: 6100 | X10: 5800 | Y10: 6100 | Z10: 6100 | AA10: 5800 | AB10: 6100 | AC10: 6100 | AD10: 5800 | AE10: 6100 | AF10: 6100 | AG10: 5600 | AH10: 5900 | AI10: 5900 | AJ10: 6000 | AK10: 6450 | AL10: 6450 | AM10: 900 | AN10: 1100 | AO10: 1100 | AP10: 6090 | AQ10: 6490 | AR10: 6490 | AS10: 5950 | AT10: 6300 | AU10: 6350 | AV10: 5950 | AW10: 6300 | AX10: 6350 | AY10: 6000 | AZ10: 6550 | BA10: 6550 | BB10: 6150 | BC10: 6600 | BD10: 6600 | BE10: 6375 | BF10: 6875 | BG10: 6875 | BH10: 6800 | BI10: 7100 | BJ10: 7100 | BK10: 6800 | BL10: 7100 | BM10: 7100 | BN10: 6800 | BO10: 7100 | BP10: 7100 | BQ10: =BH10+2791 -> 9591 | BR10: =BI10+2791 -> 9891 | BS10: =BJ10+2791 -> 9891
A11: Bangkok | B11: THBKK | C11: 5800 | D11: 6100 | E11: 6100 | F11: 5800 | G11: 6100 | H11: 6100 | I11: 5800 | J11: 6100 | K11: 6100 | L11: 5800 | M11: 6100 | N11: 6100 | O11: 5800 | P11: 6100 | Q11: 6100 | R11: 5800 | S11: 6100 | T11: 6100 | U11: 5800 | V11: 6100 | W11: 6100 | X11: 5800 | Y11: 6100 | Z11: 6100 | AA11: 5800 | AB11: 6100 | AC11: 6100 | AD11: 5800 | AE11: 6100 | AF11: 6100 | AG11: 5600 | AH11: 5900 | AI11: 5900 | AJ11: 6000 | AK11: 6450 | AL11: 6450 | AM11: 900 | AN11: 1100 | AO11: 1100 | AP11: 6090 | AQ11: 6490 | AR11: 6490 | AS11: 5950 | AT11: 6300 | AU11: 6350 | AV11: 5950 | AW11: 6300 | AX11: 6350 | AY11: 6000 | AZ11: 6550 | BA11: 6550 | BB11: 6150 | BC11: 6600 | BD11: 6600 | BE11: 6375 | BF11: 6875 | BG11: 6875 | BH11: 6800 | BI11: 7100 | BJ11: 7100 | BK11: 6800 | BL11: 7100 | BM11: 7100 | BN11: 6800 | BO11: 7100 | BP11: 7100 | BQ11: =BH11+2791 -> 9591 | BR11: =BI11+2791 -> 9891 | BS11: =BJ11+2791 -> 9891
A12: Lat Krabang | B12: THLKR | C12: 5875 | D12: 6200 | E12: 6200 | F12: 5875 | G12: 6200 | H12: 6200 | I12: 5875 | J12: 6200 | K12: 6200 | L12: 5875 | M12: 6200 | N12: 6200 | O12: 5875 | P12: 6200 | Q12: 6200 | R12: 5875 | S12: 6200 | T12: 6200 | U12: 5875 | V12: 6200 | W12: 6200 | X12: 5875 | Y12: 6200 | Z12: 6200 | AA12: 5875 | AB12: 6200 | AC12: 6200 | AD12: 5875 | AE12: 6200 | AF12: 6200 | AG12: 5675 | AH12: 6000 | AI12: 6000 | AJ12: 6075 | AK12: 6550 | AL12: 6550 | AM12: 900 | AN12: 1100 | AO12: 1100 | AP12: 6165 | AQ12: 6590 | AR12: 6590 | AS12: 6025 | AT12: 6400 | AU12: 6400 | AV12: 6025 | AW12: 6400 | AX12: 6400 | AY12: 6075 | AZ12: 6650 | BA12: 6650 | BB12: 6225 | BC12: 6700 | BD12: 6700 | BE12: 6450 | BF12: 6975 | BG12: 6975 | BH12: 6875 | BI12: 7200 | BJ12: 7200 | BK12: 6875 | BL12: 7200 | BM12: 7200 | BN12: 6875 | BO12: 7200 | BP12: 7200 | BQ12: =BH12+2791 -> 9666 | BR12: =BI12+2791 -> 9991 | BS12: =BJ12+2791 -> 9991
A13: Songkhla | B13: THSGZ | C13: 6000 | D13: 6500 | E13: 6500 | F13: 6000 | G13: 6500 | H13: 6500 | I13: 6000 | J13: 6500 | K13: 6500 | L13: 6000 | M13: 6500 | N13: 6500 | O13: 6000 | P13: 6500 | Q13: 6500 | R13: 6000 | S13: 6500 | T13: 6500 | U13: 6000 | V13: 6500 | W13: 6500 | X13: 6000 | Y13: 6500 | Z13: 6500 | AA13: 6000 | AB13: 6500 | AC13: 6500 | AD13: 6000 | AE13: 6500 | AF13: 6500 | AG13: 5800 | AH13: 6300 | AI13: 6300 | AJ13: 6200 | AK13: 6850 | AL13: 6850 | AM13: 900 | AN13: 1100 | AO13: 1100 | AP13: 6290 | AQ13: 6890 | AR13: 6890 | AS13: 6150 | AT13: 6700 | AU13: 6750 | AV13: 6150 | AW13: 6700 | AX13: 6750 | AY13: 6200 | AZ13: 6950 | BA13: 6950 | BB13: 6350 | BC13: 7000 | BD13: 7000 | BE13: 6575 | BF13: 7275 | BG13: 7275 | BH13: 7000 | BI13: 7500 | BJ13: 7500 | BK13: 7000 | BL13: 7500 | BM13: 7500 | BN13: 7000 | BO13: 7500 | BP13: 7500 | BQ13: =BH13+2791 -> 9791 | BR13: =BI13+2791 -> 10291 | BS13: =BJ13+2791 -> 10291
A14: Port Klang | B14: MYPKG | C14: 5800 | D14: 6100 | E14: 6100 | F14: 5800 | G14: 6100 | H14: 6100 | I14: 5800 | J14: 6100 | K14: 6100 | L14: 5800 | M14: 6100 | N14: 6100 | O14: 5800 | P14: 6100 | Q14: 6100 | R14: 5800 | S14: 6100 | T14: 6100 | U14: 5800 | V14: 6100 | W14: 6100 | X14: 5800 | Y14: 6100 | Z14: 6100 | AA14: 5800 | AB14: 6100 | AC14: 6100 | AD14: 5800 | AE14: 6100 | AF14: 6100 | AG14: 5600 | AH14: 5900 | AI14: 5900 | AJ14: 6000 | AK14: 6450 | AL14: 6450 | AM14: 1000 | AN14: 1200 | AO14: 1200 | AP14: 6090 | AQ14: 6490 | AR14: 6490 | AS14: 5950 | AT14: 6300 | AU14: 6350 | AV14: 5950 | AW14: 6300 | AX14: 6350 | AY14: 6200 | AZ14: 6750 | BA14: 6750 | BB14: 6350 | BC14: 6800 | BD14: 6800 | BE14: 6375 | BF14: 6875 | BG14: 6875 | BH14: 6800 | BI14: 7100 | BJ14: 7100 | BK14: 6800 | BL14: 7100 | BM14: 7100 | BN14: 6800 | BO14: 7100 | BP14: 7100 | BQ14: =BH14+2791 -> 9591 | BR14: =BI14+2791 -> 9891 | BS14: =BJ14+2791 -> 9891
A15: Penang | B15: MYPEN | C15: 5825 | D15: 6375 | E15: 6375 | F15: 5825 | G15: 6375 | H15: 6375 | I15: 5825 | J15: 6375 | K15: 6375 | L15: 5825 | M15: 6375 | N15: 6375 | O15: 5825 | P15: 6375 | Q15: 6375 | R15: 5825 | S15: 6375 | T15: 6375 | U15: 5825 | V15: 6375 | W15: 6375 | X15: 5825 | Y15: 6375 | Z15: 6375 | AA15: 5825 | AB15: 6375 | AC15: 6375 | AD15: 5825 | AE15: 6375 | AF15: 6375 | AG15: 5625 | AH15: 6175 | AI15: 6175 | AJ15: 6025 | AK15: 6725 | AL15: 6725 | AM15: 1000 | AN15: 1200 | AO15: 1200 | AP15: 6115 | AQ15: 6765 | AR15: 6765 | AS15: 5975 | AT15: 6575 | AU15: 6625 | AV15: 5975 | AW15: 6575 | AX15: 6625 | AY15: 6225 | AZ15: 7025 | BA15: 7025 | BB15: 6375 | BC15: 7075 | BD15: 7075 | BE15: 6400 | BF15: 7150 | BG15: 7150 | BH15: 6825 | BI15: 7375 | BJ15: 7375 | BK15: 6825 | BL15: 7375 | BM15: 7375 | BN15: 6825 | BO15: 7375 | BP15: 7375 | BQ15: =BH15+2791 -> 9616 | BR15: =BI15+2791 -> 10166 | BS15: =BJ15+2791 -> 10166
A16: Tanjong Pelepas | B16: MYTPP | C16: 5825 | D16: 6375 | E16: 6375 | F16: 5825 | G16: 6375 | H16: 6375 | I16: 5825 | J16: 6375 | K16: 6375 | L16: 5825 | M16: 6375 | N16: 6375 | O16: 5825 | P16: 6375 | Q16: 6375 | R16: 5825 | S16: 6375 | T16: 6375 | U16: 5825 | V16: 6375 | W16: 6375 | X16: 5825 | Y16: 6375 | Z16: 6375 | AA16: 5825 | AB16: 6375 | AC16: 6375 | AD16: 5825 | AE16: 6375 | AF16: 6375 | AG16: 5625 | AH16: 6175 | AI16: 6175 | AJ16: 6025 | AK16: 6725 | AL16: 6725 | AM16: 1000 | AN16: 1200 | AO16: 1200 | AP16: 6115 | AQ16: 6765 | AR16: 6765 | AS16: 5975 | AT16: 6575 | AU16: 6625 | AV16: 5975 | AW16: 6575 | AX16: 6625 | AY16: 6225 | AZ16: 7025 | BA16: 7025 | BB16: 6375 | BC16: 7075 | BD16: 7075 | BE16: 6400 | BF16: 7150 | BG16: 7150 | BH16: 6825 | BI16: 7375 | BJ16: 7375 | BK16: 6825 | BL16: 7375 | BM16: 7375 | BN16: 6825 | BO16: 7375 | BP16: 7375 | BQ16: =BH16+2791 -> 9616 | BR16: =BI16+2791 -> 10166 | BS16: =BJ16+2791 -> 10166
A17: Pasir Gudang | B17: MYPGU | C17: 5825 | D17: 6375 | E17: 6375 | F17: 5825 | G17: 6375 | H17: 6375 | I17: 5825 | J17: 6375 | K17: 6375 | L17: 5825 | M17: 6375 | N17: 6375 | O17: 5825 | P17: 6375 | Q17: 6375 | R17: 5825 | S17: 6375 | T17: 6375 | U17: 5825 | V17: 6375 | W17: 6375 | X17: 5825 | Y17: 6375 | Z17: 6375 | AA17: 5825 | AB17: 6375 | AC17: 6375 | AD17: 5825 | AE17: 6375 | AF17: 6375 | AG17: 5625 | AH17: 6175 | AI17: 6175 | AJ17: 6025 | AK17: 6725 | AL17: 6725 | AM17: 1000 | AN17: 1200 | AO17: 1200 | AP17: 6115 | AQ17: 6765 | AR17: 6765 | AS17: 5975 | AT17: 6575 | AU17: 6625 | AV17: 5975 | AW17: 6575 | AX17: 6625 | AY17: 6225 | AZ17: 7025 | BA17: 7025 | BB17: 6375 | BC17: 7075 | BD17: 7075 | BE17: 6400 | BF17: 7150 | BG17: 7150 | BH17: 6825 | BI17: 7375 | BJ17: 7375 | BK17: 6825 | BL17: 7375 | BM17: 7375 | BN17: 6825 | BO17: 7375 | BP17: 7375 | BQ17: =BH17+2791 -> 9616 | BR17: =BI17+2791 -> 10166 | BS17: =BJ17+2791 -> 10166
A18: Jakarta | B18: IDJKT | C18: 5800 | D18: 6100 | E18: 6100 | F18: 5800 | G18: 6100 | H18: 6100 | I18: 5800 | J18: 6100 | K18: 6100 | L18: 5800 | M18: 6100 | N18: 6100 | O18: 5800 | P18: 6100 | Q18: 6100 | R18: 5800 | S18: 6100 | T18: 6100 | U18: 5800 | V18: 6100 | W18: 6100 | X18: 5800 | Y18: 6100 | Z18: 6100 | AA18: 5800 | AB18: 6100 | AC18: 6100 | AD18: 5800 | AE18: 6100 | AF18: 6100 | AG18: 5600 | AH18: 5900 | AI18: 5900 | AJ18: 6025 | AK18: 6450 | AL18: 6450 | AM18: 900 | AN18: 1100 | AO18: 1100 | AP18: 6290 | AQ18: 6790 | AR18: 6790 | AS18: 6050 | AT18: 6500 | AU18: 6550 | AV18: 6050 | AW18: 6500 | AX18: 6550 | AY18: 6050 | AZ18: 6700 | BA18: 6700 | BB18: 6200 | BC18: 6750 | BD18: 6750 | BE18: 6400 | BF18: 6850 | BG18: 6850 | BH18: 6800 | BI18: 7100 | BJ18: 7100 | BK18: 6800 | BL18: 7100 | BM18: 7100 | BN18: 6800 | BO18: 7100 | BP18: 7100 | BQ18: =BH18+2791 -> 9591 | BR18: =BI18+2791 -> 9891 | BS18: =BJ18+2791 -> 9891
A19: Surabaya | B19: IDSUB | C19: 5800 | D19: 6100 | E19: 6100 | F19: 5800 | G19: 6100 | H19: 6100 | I19: 5800 | J19: 6100 | K19: 6100 | L19: 5800 | M19: 6100 | N19: 6100 | O19: 5800 | P19: 6100 | Q19: 6100 | R19: 5800 | S19: 6100 | T19: 6100 | U19: 5800 | V19: 6100 | W19: 6100 | X19: 5800 | Y19: 6100 | Z19: 6100 | AA19: 5800 | AB19: 6100 | AC19: 6100 | AD19: 5800 | AE19: 6100 | AF19: 6100 | AG19: 5600 | AH19: 5900 | AI19: 5900 | AJ19: 6025 | AK19: 6450 | AL19: 6450 | AM19: 900 | AN19: 1100 | AO19: 1100 | AP19: 6290 | AQ19: 6790 | AR19: 6790 | AS19: 6050 | AT19: 6500 | AU19: 6550 | AV19: 6050 | AW19: 6500 | AX19: 6550 | AY19: 6050 | AZ19: 6700 | BA19: 6700 | BB19: 6200 | BC19: 6750 | BD19: 6750 | BE19: 6400 | BF19: 6850 | BG19: 6850 | BH19: 6800 | BI19: 7100 | BJ19: 7100 | BK19: 6800 | BL19: 7100 | BM19: 7100 | BN19: 6800 | BO19: 7100 | BP19: 7100 | BQ19: =BH19+2791 -> 9591 | BR19: =BI19+2791 -> 9891 | BS19: =BJ19+2791 -> 9891
A20: Belawan | B20: IDBLW | C20: 6300 | D20: 7150 | E20: 7150 | F20: 6300 | G20: 7150 | H20: 7150 | I20: 6300 | J20: 7150 | K20: 7150 | L20: 6300 | M20: 7150 | N20: 7150 | O20: 6300 | P20: 7150 | Q20: 7150 | R20: 6300 | S20: 7150 | T20: 7150 | U20: 6300 | V20: 7150 | W20: 7150 | X20: 6300 | Y20: 7150 | Z20: 7150 | AA20: 6300 | AB20: 7150 | AC20: 7150 | AD20: 6300 | AE20: 7150 | AF20: 7150 | AG20: 6100 | AH20: 6950 | AI20: 6950 | AJ20: 6525 | AK20: 7500 | AL20: 7500 | AM20: 900 | AN20: 1100 | AO20: 1100 | AP20: 6790 | AQ20: 7840 | AR20: 7840 | AS20: 6550 | AT20: 7550 | AU20: 7600 | AV20: 6550 | AW20: 7550 | AX20: 7600 | AY20: 6550 | AZ20: 7750 | BA20: 7750 | BB20: 6700 | BC20: 7800 | BD20: 7800 | BE20: 6900 | BF20: 7900 | BG20: 7900 | BH20: 7300 | BI20: 8150 | BJ20: 8150 | BK20: 7300 | BL20: 8150 | BM20: 8150 | BN20: 7300 | BO20: 8150 | BP20: 8150 | BQ20: =BH20+2791 -> 10091 | BR20: =BI20+2791 -> 10941 | BS20: =BJ20+2791 -> 10941
A21: Semarang | B21: IDSRG | C21: 5800 | D21: 6100 | E21: 6100 | F21: 5800 | G21: 6100 | H21: 6100 | I21: 5800 | J21: 6100 | K21: 6100 | L21: 5800 | M21: 6100 | N21: 6100 | O21: 5800 | P21: 6100 | Q21: 6100 | R21: 5800 | S21: 6100 | T21: 6100 | U21: 5800 | V21: 6100 | W21: 6100 | X21: 5800 | Y21: 6100 | Z21: 6100 | AA21: 5800 | AB21: 6100 | AC21: 6100 | AD21: 5800 | AE21: 6100 | AF21: 6100 | AG21: 5600 | AH21: 5900 | AI21: 5900 | AJ21: 6025 | AK21: 6450 | AL21: 6450 | AM21: 900 | AN21: 1100 | AO21: 1100 | AP21: 6290 | AQ21: 6790 | AR21: 6790 | AS21: 6050 | AT21: 6500 | AU21: 6550 | AV21: 6050 | AW21: 6500 | AX21: 6550 | AY21: 6050 | AZ21: 6700 | BA21: 6700 | BB21: 6200 | BC21: 6750 | BD21: 6750 | BE21: 6400 | BF21: 6850 | BG21: 6850 | BH21: 6800 | BI21: 7100 | BJ21: 7100 | BK21: 6800 | BL21: 7100 | BM21: 7100 | BN21: 6800 | BO21: 7100 | BP21: 7100 | BQ21: =BH21+2791 -> 9591 | BR21: =BI21+2791 -> 9891 | BS21: =BJ21+2791 -> 9891
... A28: Haiphong | B28: VNHPH | C28: 5800 | D28: 6100 | E28: 6100 | F28: 5800 | G28: 6100 | H28: 6100 | I28: 5800 | J28: 6100 | K28: 6100 | L28: 5800 | M28: 6100 | N28: 6100 | O28: 5800 | P28: 6100 | Q28: 6100 | R28: 5800 | S28: 6100 | T28: 6100 | U28: 5800 | V28: 6100 | W28: 6100 | X28: 5800 | Y28: 6100 | Z28: 6100 | AA28: 5800 | AB28: 6100 | AC28: 6100 | AD28: 5800 | AE28: 6100 | AF28: 6100 | AG28: 5600 | AH28: 5900 | AI28: 5900 | AJ28: 6000 | AK28: 6450 | AL28: 6450 | AM28: 900 | AN28: 1100 | AO28: 1100 | AP28: 6385 | AQ28: 6890 | AR28: 6890 | AS28: 5950 | AT28: 6250 | AU28: 6300 | AV28: 5950 | AW28: 6250 | AX28: 6300 | AY28: 5950 | AZ28: 6450 | BA28: 6450 | BB28: 6800 | BC28: 7200 | BD28: 7200 | BE28: 6375 | BF28: 6875 | BG28: 6875 | BH28: 6800 | BI28: 7100 | BJ28: 7100 | BK28: 6800 | BL28: 7100 | BM28: 7100 | BN28: 6800 | BO28: 7100 | BP28: 7100 | BQ28: =BH28+2791 -> 9591 | BR28: =BI28+2791 -> 9891 | BS28: =BJ28+2791 -> 9891
A29: Jeddah | B29: SAJED | C29: 0 | D29: 0 | E29: 0 | F29: 0 | G29: 0 | H29: 0 | I29: 0 | J29: 0 | K29: 0 | L29: 0 | M29: 0 | N29: 0 | O29: 0 | P29: 0 | Q29: 0 | R29: 0 | S29: 0 | T29: 0 | U29: 0 | V29: 0 | W29: 0 | X29: 0 | Y29: 0 | Z29: 0 | AA29: 0 | AB29: 0 | AC29: 0 | AD29: 0 | AE29: 0 | AF29: 0 | AG29: 0 | AH29: 0 | AI29: 0 | AJ29: 0 | AK29: 0 | AL29: 0 | AM29: 0 | AN29: 0 | AO29: 0 | AP29: 0 | AQ29: 0 | AR29: 0 | AS29: 0 | AT29: 0 | AU29: 0 | AV29: 0 | AW29: 0 | AX29: 0 | AY29: 0 | AZ29: 0 | BA29: 0 | BB29: 0 | BC29: 0 | BD29: 0 | BE29: 0 | BF29: 0 | BG29: 0 | BH29: 0 | BI29: 0 | BJ29: 0 | BK29: 0 | BL29: 0 | BM29: 0 | BN29: 0 | BO29: 0 | BP29: 0
A30: Melbourne | B30: AUMEL | C30: 7675 | D30: 8600 | E30: 8600 | F30: 7575 | G30: 8500 | H30: 8500 | I30: 7675 | J30: 8600 | K30: 8600 | L30: 7675 | M30: 8600 | N30: 8600 | O30: 7675 | P30: 8600 | Q30: 8600 | R30: 7675 | S30: 8600 | T30: 8600 | U30: 7675 | V30: 8600 | W30: 8600 | X30: 7675 | Y30: 8600 | Z30: 8600 | AA30: 7675 | AB30: 8600 | AC30: 8600 | AD30: 7675 | AE30: 8600 | AF30: 8600 | AG30: 7475 | AH30: 8400 | AI30: 8400 | AJ30: 7975 | AK30: 8950 | AL30: 8950 | AM30: 1600 | AN30: 1800 | AO30: 1800 | AP30: 7990 | AQ30: 9165 | AR30: 9165 | AS30: 7700 | AT30: 8775 | AU30: 8775 | AV30: 7700 | AW30: 8775 | AX30: 8775 | AY30: 7750 | AZ30: 8825 | BA30: 8825 | BB30: 8000 | BC30: 9075 | BD30: 9075 | BE30: 8325 | BF30: 9400 | BG30: 9400 | BH30: 8675 | BI30: 10100 | BJ30: 10100 | BK30: 8675 | BL30: 10100 | BM30: 10100 | BN30: 8675 | BO30: 10100 | BP30: 10100 | BQ30: =BH30+2791 -> 11466 | BR30: =BI30+2791 -> 12891 | BS30: =BJ30+2791 -> 12891
A31: Adelaide | B31: AUADL | C31: 8275 | D31: 9200 | E31: 9200 | F31: 8175 | G31: 9100 | H31: 9100 | I31: 8275 | J31: 9200 | K31: 9200 | L31: 8275 | M31: 9200 | N31: 9200 | O31: 8275 | P31: 9200 | Q31: 9200 | R31: 8275 | S31: 9200 | T31: 9200 | U31: 8275 | V31: 9200 | W31: 9200 | X31: 8275 | Y31: 9200 | Z31: 9200 | AA31: 8275 | AB31: 9200 | AC31: 9200 | AD31: 8275 | AE31: 9200 | AF31: 9200 | AG31: 8075 | AH31: 9000 | AI31: 9000 | AJ31: 8575 | AK31: 9550 | AL31: 9550 | AM31: 1600 | AN31: 1800 | AO31: 1800 | AP31: 8590 | AQ31: 9765 | AR31: 9765 | AS31: 8300 | AT31: 9375 | AU31: 9375 | AV31: 8300 | AW31: 9375 | AX31: 9375 | AY31: 8350 | AZ31: 9425 | BA31: 9425 | BB31: 8600 | BC31: 9675 | BD31: 9675 | BE31: 8925 | BF31: 10000 | BG31: 10000 | BH31: 9275 | BI31: 10700 | BJ31: 10700 | BK31: 9275 | BL31: 10700 | BM31: 10700 | BN31: 9275 | BO31: 10700 | BP31: 10700 | BQ31: =BH31+2791 -> 12066 | BR31: =BI31+2791 -> 13491 | BS31: =BJ31+2791 -> 13491
A32: Sydney | B32: AUSYD | C32: 7675 | D32: 8600 | E32: 8600 | F32: 7575 | G32: 8500 | H32: 8500 | I32: 7675 | J32: 8600 | K32: 8600 | L32: 7675 | M32: 8600 | N32: 8600 | O32: 7675 | P32: 8600 | Q32: 8600 | R32: 7675 | S32: 8600 | T32: 8600 | U32: 7675 | V32: 8600 | W32: 8600 | X32: 7675 | Y32: 8600 | Z32: 8600 | AA32: 7675 | AB32: 8600 | AC32: 8600 | AD32: 7675 | AE32: 8600 | AF32: 8600 | AG32: 7475 | AH32: 8400 | AI32: 8400 | AJ32: 7975 | AK32: 8950 | AL32: 8950 | AM32: 1600 | AN32: 1800 | AO32: 1800 | AP32: 7990 | AQ32: 9165 | AR32: 9165 | AS32: 7700 | AT32: 8775 | AU32: 8775 | AV32: 7700 | AW32: 8775 | AX32: 8775 | AY32: 7750 | AZ32: 8825 | BA32: 8825 | BB32: 8000 | BC32: 9075 | BD32: 9075 | BE32: 8325 | BF32: 9400 | BG32: 9400 | BH32: 8675 | BI32: 10100 | BJ32: 10100 | BK32: 8675 | BL32: 10100 | BM32: 10100 | BN32: 8675 | BO32: 10100 | BP32: 10100 | BQ32: =BH32+2791 -> 11466 | BR32: =BI32+2791 -> 12891 | BS32: =BJ32+2791 -> 12891
A33: Brisbane | B33: AUBNE | C33: 7675 | D33: 8600 | E33: 8600 | F33: 7575 | G33: 8500 | H33: 8500 | I33: 7675 | J33: 8600 | K33: 8600 | L33: 7675 | M33: 8600 | N33: 8600 | O33: 7675 | P33: 8600 | Q33: 8600 | R33: 7675 | S33: 8600 | T33: 8600 | U33: 7675 | V33: 8600 | W33: 8600 | X33: 7675 | Y33: 8600 | Z33: 8600 | AA33: 7675 | AB33: 8600 | AC33: 8600 | AD33: 7675 | AE33: 8600 | AF33: 8600 | AG33: 7475 | AH33: 8400 | AI33: 8400 | AJ33: 7975 | AK33: 8950 | AL33: 8950 | AM33: 1600 | AN33: 1800 | AO33: 1800 | AP33: 7990 | AQ33: 9165 | AR33: 9165 | AS33: 7700 | AT33: 8775 | AU33: 8775 | AV33: 7700 | AW33: 8775 | AX33: 8775 | AY33: 7750 | AZ33: 8825 | BA33: 8825 | BB33: 8000 | BC33: 9075 | BD33: 9075 | BE33: 8325 | BF33: 9400 | BG33: 9400 | BH33: 8675 | BI33: 10100 | BJ33: 10100 | BK33: 8675 | BL33: 10100 | BM33: 10100 | BN33: 8675 | BO33: 10100 | BP33: 10100 | BQ33: =BH33+2791 -> 11466 | BR33: =BI33+2791 -> 12891 | BS33: =BJ33+2791 -> 12891
A34: Fremantle | B34: AUFRE | C34: 7675 | D34: 8600 | E34: 8600 | F34: 7575 | G34: 8500 | H34: 8500 | I34: 7675 | J34: 8600 | K34: 8600 | L34: 7675 | M34: 8600 | N34: 8600 | O34: 7675 | P34: 8600 | Q34: 8600 | R34: 7675 | S34: 8600 | T34: 8600 | U34: 7675 | V34: 8600 | W34: 8600 | X34: 7675 | Y34: 8600 | Z34: 8600 | AA34: 7675 | AB34: 8600 | AC34: 8600 | AD34: 7675 | AE34: 8600 | AF34: 8600 | AG34: 7475 | AH34: 8400 | AI34: 8400 | AJ34: 7975 | AK34: 8950 | AL34: 8950 | AM34: 1600 | AN34: 1800 | AO34: 1800 | AP34: 7990 | AQ34: 9165 | AR34: 9165 | AS34: 7700 | AT34: 8775 | AU34: 8775 | AV34: 7700 | AW34: 8775 | AX34: 8775 | AY34: 7750 | AZ34: 8825 | BA34: 8825 | BB34: 8000 | BC34: 9075 | BD34: 9075 | BE34: 8325 | BF34: 9400 | BG34: 9400 | BH34: 8675 | BI34: 10100 | BJ34: 10100 | BK34: 8675 | BL34: 10100 | BM34: 10100 | BN34: 8675 | BO34: 10100 | BP34: 10100 | BQ34: =BH34+2791 -> 11466 | BR34: =BI34+2791 -> 12891 | BS34: =BJ34+2791 -> 12891
A35: Auckland | B35: NZAKL | C35: 7675 | D35: 8600 | E35: 8600 | F35: 7575 | G35: 8500 | H35: 8500 | I35: 7675 | J35: 8600 | K35: 8600 | L35: 7675 | M35: 8600 | N35: 8600 | O35: 7675 | P35: 8600 | Q35: 8600 | R35: 7675 | S35: 8600 | T35: 8600 | U35: 7675 | V35: 8600 | W35: 8600 | X35: 7675 | Y35: 8600 | Z35: 8600 | AA35: 7675 | AB35: 8600 | AC35: 8600 | AD35: 7675 | AE35: 8600 | AF35: 8600 | AG35: 7475 | AH35: 8400 | AI35: 8400 | AJ35: 7975 | AK35: 8950 | AL35: 8950 | AM35: 1600 | AN35: 1800 | AO35: 1800 | AP35: 7990 | AQ35: 9165 | AR35: 9165 | AS35: 7700 | AT35: 8775 | AU35: 8775 | AV35: 7700 | AW35: 8775 | AX35: 8775 | AY35: 7750 | AZ35: 8825 | BA35: 8825 | BB35: 8000 | BC35: 9075 | BD35: 9075 | BE35: 8325 | BF35: 9400 | BG35: 9400 | BH35: 8675 | BI35: 10100 | BJ35: 10100 | BK35: 8675 | BL35: 10100 | BM35: 10100 | BN35: 8675 | BO35: 10100 | BP35: 10100 | BQ35: =BH35+2791 -> 11466 | BR35: =BI35+2791 -> 12891 | BS35: =BJ35+2791 -> 12891
A36: Tauranga | B36: NZTRG | C36: 7875 | D36: 9000 | E36: 9000 | F36: 7775 | G36: 8900 | H36: 8900 | I36: 7875 | J36: 9000 | K36: 9000 | L36: 7875 | M36: 9000 | N36: 9000 | O36: 7875 | P36: 9000 | Q36: 9000 | R36: 7875 | S36: 9000 | T36: 9000 | U36: 7875 | V36: 9000 | W36: 9000 | X36: 7875 | Y36: 9000 | Z36: 9000 | AA36: 7875 | AB36: 9000 | AC36: 9000 | AD36: 7875 | AE36: 9000 | AF36: 9000 | AG36: 7675 | AH36: 8800 | AI36: 8800 | AJ36: 8175 | AK36: 9350 | AL36: 9350 | AM36: 1600 | AN36: 1800 | AO36: 1800 | AP36: 8190 | AQ36: 9565 | AR36: 9565 | AS36: 7900 | AT36: 9175 | AU36: 9175 | AV36: 7900 | AW36: 9175 | AX36: 9175 | AY36: 7950 | AZ36: 9225 | BA36: 9225 | BB36: 8200 | BC36: 9475 | BD36: 9475 | BE36: 8525 | BF36: 9800 | BG36: 9800 | BH36: 8875 | BI36: 10500 | BJ36: 10500 | BK36: 8875 | BL36: 10500 | BM36: 10500 | BN36: 8875 | BO36: 10500 | BP36: 10500 | BQ36: =BH36+2791 -> 11666 | BR36: =BI36+2791 -> 13291 | BS36: =BJ36+2791 -> 13291
A37: Lyttelton | B37: NZLYT | C37: 7675 | D37: 8600 | E37: 8600 | F37: 7575 | G37: 8500 | H37: 8500 | I37: 7675 | J37: 8600 | K37: 8600 | L37: 7675 | M37: 8600 | N37: 8600 | O37: 7675 | P37: 8600 | Q37: 8600 | R37: 7675 | S37: 8600 | T37: 8600 | U37: 7675 | V37: 8600 | W37: 8600 | X37: 7675 | Y37: 8600 | Z37: 8600 | AA37: 7675 | AB37: 8600 | AC37: 8600 | AD37: 7675 | AE37: 8600 | AF37: 8600 | AG37: 7475 | AH37: 8400 | AI37: 8400 | AJ37: 7975 | AK37: 8950 | AL37: 8950 | AM37: 1600 | AN37: 1800 | AO37: 1800 | AP37: 7990 | AQ37: 9165 | AR37: 9165 | AS37: 7700 | AT37: 8775 | AU37: 8775 | AV37: 7700 | AW37: 8775 | AX37: 8775 | AY37: 7750 | AZ37: 8825 | BA37: 8825 | BB37: 8000 | BC37: 9075 | BD37: 9075 | BE37: 8325 | BF37: 9400 | BG37: 9400 | BH37: 8675 | BI37: 10100 | BJ37: 10100 | BK37: 8675 | BL37: 10100 | BM37: 10100 | BN37: 8675 | BO37: 10100 | BP37: 10100 | BQ37: =BH37+2791 -> 11466 | BR37: =BI37+2791 -> 12891 | BS37: =BJ37+2791 -> 12891
A38: Napier | B38: NZNPE | C38: 8085 | D38: 9225 | E38: 9225 | F38: 7985 | G38: 9125 | H38: 9125 | I38: 8085 | J38: 9225 | K38: 9225 | L38: 8085 | M38: 9225 | N38: 9225 | O38: 8085 | P38: 9225 | Q38: 9225 | R38: 8085 | S38: 9225 | T38: 9225 | U38: 8085 | V38: 9225 | W38: 9225 | X38: 8085 | Y38: 9225 | Z38: 9225 | AA38: 8085 | AB38: 9225 | AC38: 9225 | AD38: 8085 | AE38: 9225 | AF38: 9225 | AG38: 7885 | AH38: 9025 | AI38: 9025 | AJ38: 8385 | AK38: 9575 | AL38: 9575 | AM38: 1600 | AN38: 1800 | AO38: 1800 | AP38: 8400 | AQ38: 9790 | AR38: 9790 | AS38: 8110 | AT38: 9400 | AU38: 9400 | AV38: 8110 | AW38: 9400 | AX38: 9400 | AY38: 8160 | AZ38: 9450 | BA38: 9450 | BB38: 8410 | BC38: 9700 | BD38: 9700 | BE38: 8735 | BF38: 10025 | BG38: 10025 | BH38: 9085 | BI38: 10725 | BJ38: 10725 | BK38: 9085 | BL38: 10725 | BM38: 10725 | BN38: 9085 | BO38: 10725 | BP38: 10725 | BQ38: =BH38+2791 -> 11876 | BR38: =BI38+2791 -> 13516 | BS38: =BJ38+2791 -> 13516
A39: Yokohama | B39: JPYOK
A40: Tokyo | B40: JPTYO
A41: Nagoya* | B41: JPNGO
A42: Kobe* | B42: JPUKB
A43: Osaka* | B43: JPOSA
A44: Hakata* | B44: JPHKT
A45: *via Pusan only
A48: https://www.one-line.com/en/news/notice-emergency-fuel-surcharge-efs-implementation
A50: All POL except Ex JPN : Rates are inclusive of BRS/PSS/BAF/OBS/MBS/EFS subj HEA. LSF , CSS, SLF, THCS both end , Doc fees both end , prevailing surcharges in Opus and local charges
A51: Ex JPN : Rates are inclusive of BRS/ BAF / LSF only subj OBS , HEA ** CSS, SLF, THCS both end , Doc fees, PSS both end , prevailing surcharges in Opus and local charges
A52: Ex JPN : Rates are inclusive of BRS/ BAF / LSF subj PSS , OBS, EFS, HEA ** CSS, SLF, THCS both end , Doc fees both end , prevailing surcharges in Opus and local charges
A53: CY/CY, Non - DG
A56: LSF will be zero wef 01 Jan 2020 as we incorporated into OBS.
A57: ** This is not deactivate as we will resume once CN costal regulation become 0.1%
A59: HEA Quantum** (Applicable for Ax1 /2/3)
A60: 18- 21 mtons - USD 150/20'
A61: 21.01 mtons and above - 200/20'
A63: Our FAK rates are for Non- DG cargo, Our HAZ top up is - Usd 200/ TEUS, IMO 8/9 is USD 100/ TEUS
A81: DG Cargo T/s SIN port , will be subj to PSA DG surcharge accordingly to the DG class no.

Sheet ISC_LK_BD_AE_PK
C1: From | D1: To
A2: Validity period | B2: ='China_TWN_SIN_HKG_KR Dry'!B4 -> FAK | C2: ='S.E.A_JPN_SA_AU_NZ Dry '!C4 -> 46249 | D2: ='S.E.A_JPN_SA_AU_NZ Dry '!D4 -> 46265
C4: POD
C5: Manzanillo,MX | F5: Lazaro Cardenas, MX | I5: San Antonio, CL | L5: Valparaiso, CL | O5: Callao, PE | R5: Coronel CL | U5: San Vicente CL | X5: Liquren, CL | AA5: Buenaventura, CO | AD5: Guayaquil, EC | AG5: Posorja, EC | AJ5: Iquique, CL | AM5: Antofagasta, CL | AP5: Puerto Angamos, CL | AS5: Ensenada, MX | AV5: Puerto Quetzal, GT | AY5: Rodman , PA | BB5: Panama City, PA (Door) (via Rodman, PA) | BE5: Arica | BH5: Puerto Caldera, CR | BK5: Acajutla, SV | BN5: Corinto, NI | BQ5: San Lorenzo CY/CY , HN (Via NICIO using Marex service - Trucking )
C6: MXZLO | F6: MXLZC | I6: CLSAI | L6: CLVAP | O6: PECLL | R6: CLCNL | U6: CLSVE | X6: CLLQN | AA6: COBUN | AD6: ECGYE | AG6: ECPSJ | AJ6: CLIQQ | AM6: CLANF | AP6: CLPAG | AS6: MXESE | AV6: GTPRQ | AY6: PAROD | BB6: PAPTY | BE6: CLARI | BH6: CRCAL | BK6: SVAQJ | BN6: NICIO | BQ6: HNSLO
A7: POR | B7: POR CODE | C7: 20' | D7: 40' | E7: HCD | F7: 20' | G7: 40' | H7: HCD | I7: 20' | J7: 40' | K7: HCD | L7: 20' | M7: 40' | N7: HCD | O7: 20' | P7: 40' | Q7: HCD | R7: 20' | S7: 40' | T7: HCD | U7: 20' | V7: 40' | W7: HCD | X7: 20' | Y7: 40' | Z7: HCD | AA7: 20' | AB7: 40' | AC7: HCD | AD7: 20' | AE7: 40' | AF7: HCD | AG7: 20' | AH7: 40' | AI7: HCD | AJ7: 20' | AK7: 40' | AL7: HCD | AM7: 20' | AN7: 40' | AO7: HCD | AP7: 20' | AQ7: 40' | AR7: HCD | AS7: 20' | AT7: 40' | AU7: HCD | AV7: 20' | AW7: 40' | AX7: HCD | AY7: 20' | AZ7: 40' | BA7: HCD | BB7: 20' | BC7: 40' | BD7: HCD | BE7: 20' | BF7: 40' | BG7: HCD | BH7: 20' | BI7: 40' | BJ7: HCD | BK7: 20' | BL7: 40' | BM7: HCD | BN7: 20' | BO7: 40' | BP7: HCD | BQ7: 20' | BR7: 40' | BS7: HCD
A8: Colombo | B8: LKCMB | C8: 5300 | D8: 5700 | E8: 5700 | F8: 5300 | G8: 5700 | H8: 5700 | I8: 5300 | J8: 5700 | K8: 5700 | L8: 5300 | M8: 5700 | N8: 5700 | O8: 5300 | P8: 5700 | Q8: 5700 | R8: 5375 | S8: 5875 | T8: 5875 | U8: 5375 | V8: 5875 | W8: 5875 | X8: 5375 | Y8: 5875 | Z8: 5875 | AA8: 5300 | AB8: 5700 | AC8: 5700 | AD8: 5300 | AE8: 5700 | AF8: 5700 | AG8: 5100 | AH8: 5500 | AI8: 5500 | AJ8: 5550 | AK8: 6000 | AL8: 6000 | AM8: 325 | AN8: 450 | AO8: 450 | AP8: 5790 | AQ8: 6240 | AR8: 6240 | AS8: 5550 | AT8: 6000 | AU8: 6000 | AV8: 5550 | AW8: 6000 | AX8: 6000 | AY8: 5550 | AZ8: 6150 | BA8: 6150 | BB8: 5700 | BC8: 6200 | BD8: 6200 | BE8: 6050 | BF8: 6700 | BG8: 6700 | BH8: 6050 | BI8: 6700 | BJ8: 6700 | BK8: 6050 | BL8: 6700 | BM8: 6700 | BN8: 6050 | BO8: 6700 | BP8: 6700 | BQ8: =BN8+2791 -> 8841 | BR8: =BO8+2791 -> 9491 | BS8: =BP8+2791 -> 9491
A9: Chennai | B9: INMAA | C9: 7000 | D9: 7300 | E9: 7300 | F9: 7000 | G9: 7300 | H9: 7300 | I9: 7000 | J9: 7300 | K9: 7300 | L9: 7000 | M9: 7300 | N9: 7300 | O9: 7000 | P9: 7300 | Q9: 7300 | R9: 7100 | S9: 7400 | T9: 7400 | U9: 7100 | V9: 7400 | W9: 7400 | X9: 7100 | Y9: 7400 | Z9: 7400 | AA9: 7000 | AB9: 7300 | AC9: 7300 | AD9: 7000 | AE9: 7300 | AF9: 7300 | AG9: 6800 | AH9: 7100 | AI9: 7100 | AJ9: 7600 | AK9: 8100 | AL9: 8100 | AM9: 2025 | AN9: 2050 | AO9: 2050 | AP9: 7600 | AQ9: 8100 | AR9: 8100 | AS9: 7600 | AT9: 8100 | AU9: 8100 | AV9: 7600 | AW9: 8100 | AX9: 8100 | AY9: 7700 | AZ9: 8300 | BA9: 8300 | BB9: 7850 | BC9: 8350 | BD9: 8350 | BE9: 7700 | BF9: 8200 | BG9: 8200 | BH9: 7700 | BI9: 8100 | BJ9: 8100 | BK9: 7700 | BL9: 8100 | BM9: 8100 | BN9: 7700 | BO9: 8100 | BP9: 8100 | BQ9: =BN9+2791 -> 10491 | BR9: =BO9+2791 -> 10891 | BS9: =BP9+2791 -> 10891
A10: Kattupalli | B10: INKTP | C10: 7000 | D10: 7300 | E10: 7300 | F10: 7000 | G10: 7300 | H10: 7300 | I10: 7000 | J10: 7300 | K10: 7300 | L10: 7000 | M10: 7300 | N10: 7300 | O10: 7000 | P10: 7300 | Q10: 7300 | R10: 7100 | S10: 7400 | T10: 7400 | U10: 7100 | V10: 7400 | W10: 7400 | X10: 7100 | Y10: 7400 | Z10: 7400 | AA10: 7000 | AB10: 7300 | AC10: 7300 | AD10: 7000 | AE10: 7300 | AF10: 7300 | AG10: 6800 | AH10: 7100 | AI10: 7100 | AJ10: 7600 | AK10: 8100 | AL10: 8100 | AM10: 2025 | AN10: 2050 | AO10: 2050 | AP10: 7600 | AQ10: 8100 | AR10: 8100 | AS10: 7600 | AT10: 8100 | AU10: 8100 | AV10: 7600 | AW10: 8100 | AX10: 8100 | AY10: 7700 | AZ10: 8300 | BA10: 8300 | BB10: 7850 | BC10: 8350 | BD10: 8350 | BE10: 7700 | BF10: 8200 | BG10: 8200 | BH10: 7700 | BI10: 8100 | BJ10: 8100 | BK10: 7700 | BL10: 8100 | BM10: 8100 | BN10: 7700 | BO10: 8100 | BP10: 8100 | BQ10: =BN10+2791 -> 10491 | BR10: =BO10+2791 -> 10891 | BS10: =BP10+2791 -> 10891
A11: Cochin | B11: INCOK | C11: 7000 | D11: 7300 | E11: 7300 | F11: 7000 | G11: 7300 | H11: 7300 | I11: 7000 | J11: 7300 | K11: 7300 | L11: 7000 | M11: 7300 | N11: 7300 | O11: 7000 | P11: 7300 | Q11: 7300 | R11: 7100 | S11: 7400 | T11: 7400 | U11: 7100 | V11: 7400 | W11: 7400 | X11: 7100 | Y11: 7400 | Z11: 7400 | AA11: 7000 | AB11: 7300 | AC11: 7300 | AD11: 7000 | AE11: 7300 | AF11: 7300 | AG11: 6800 | AH11: 7100 | AI11: 7100 | AJ11: 7300 | AK11: 8100 | AL11: 8100 | AM11: 2125 | AN11: 2050 | AO11: 2050 | AP11: 7300 | AQ11: 8100 | AR11: 8100 | AS11: 7300 | AT11: 8100 | AU11: 8100 | AV11: 7300 | AW11: 8100 | AX11: 8100 | AY11: 7400 | AZ11: 8300 | BA11: 8300 | BB11: 7550 | BC11: 8350 | BD11: 8350 | BE11: 7400 | BF11: 8200 | BG11: 8200 | BH11: 7400 | BI11: 8100 | BJ11: 8100 | BK11: 7400 | BL11: 8100 | BM11: 8100 | BN11: 7400 | BO11: 8100 | BP11: 8100 | BQ11: =BN11+2791 -> 10191 | BR11: =BO11+2791 -> 10891 | BS11: =BP11+2791 -> 10891
A12: Mangalore | B12: INXIE | C12: 7200 | D12: 7500 | E12: 7500 | F12: 7200 | G12: 7500 | H12: 7500 | I12: 7200 | J12: 7500 | K12: 7500 | L12: 7200 | M12: 7500 | N12: 7500 | O12: 7200 | P12: 7500 | Q12: 7500 | R12: 7300 | S12: 7600 | T12: 7600 | U12: 7300 | V12: 7600 | W12: 7600 | X12: 7300 | Y12: 7600 | Z12: 7600 | AA12: 7200 | AB12: 7500 | AC12: 7500 | AD12: 7200 | AE12: 7500 | AF12: 7500 | AG12: 7000 | AH12: 7300 | AI12: 7300 | AJ12: 7500 | AK12: 8300 | AL12: 8300 | AM12: 2125 | AN12: 1250 | AO12: 1250 | AP12: 7500 | AQ12: 8300 | AR12: 8300 | AS12: 7500 | AT12: 8300 | AU12: 8300 | AV12: 7500 | AW12: 8300 | AX12: 8300 | AY12: 7600 | AZ12: 8500 | BA12: 8500 | BB12: 7750 | BC12: 8550 | BD12: 8550 | BE12: 7600 | BF12: 8400 | BG12: 8400 | BH12: 7650 | BI12: 8250 | BJ12: 8250 | BK12: 7650 | BL12: 8250 | BM12: 8250 | BN12: 7650 | BO12: 8250 | BP12: 8250 | BQ12: =BN12+2791 -> 10441 | BR12: =BO12+2791 -> 11041 | BS12: =BP12+2791 -> 11041
A13: Tuticorin | B13: INTUT | C13: 7100 | D13: 7400 | E13: 7400 | F13: 7100 | G13: 7400 | H13: 7400 | I13: 7100 | J13: 7400 | K13: 7400 | L13: 7100 | M13: 7400 | N13: 7400 | O13: 7100 | P13: 7400 | Q13: 7400 | R13: 7200 | S13: 7500 | T13: 7500 | U13: 7200 | V13: 7500 | W13: 7500 | X13: 7200 | Y13: 7500 | Z13: 7500 | AA13: 7100 | AB13: 7400 | AC13: 7400 | AD13: 7100 | AE13: 7400 | AF13: 7400 | AG13: 6900 | AH13: 7200 | AI13: 7200 | AJ13: 7900 | AK13: 8500 | AL13: 8500 | AM13: 1500 | AN13: 1400 | AO13: 1400 | AP13: 7900 | AQ13: 8500 | AR13: 8500 | AS13: 7900 | AT13: 8500 | AU13: 8500 | AV13: 7900 | AW13: 8500 | AX13: 8500 | AY13: 8000 | AZ13: 8700 | BA13: 8700 | BB13: 8150 | BC13: 8750 | BD13: 8750 | BE13: 7500 | BF13: 8300 | BG13: 8300 | BH13: 6575 | BI13: 7450 | BJ13: 7450 | BK13: 6575 | BL13: 7450 | BM13: 7450 | BN13: 6575 | BO13: 7450 | BP13: 7450 | BQ13: =BN13+2791 -> 9366 | BR13: =BO13+2791 -> 10241 | BS13: =BP13+2791 -> 10241
A14: Calcutta | B14: INCCU | C14: 6100 | D14: 6500 | E14: 6500 | F14: 6100 | G14: 6500 | H14: 6500 | I14: 6100 | J14: 6500 | K14: 6500 | L14: 6100 | M14: 6500 | N14: 6500 | O14: 6100 | P14: 6500 | Q14: 6500 | R14: 6200 | S14: 6600 | T14: 6600 | U14: 6200 | V14: 6600 | W14: 6600 | X14: 6200 | Y14: 6600 | Z14: 6600 | AA14: 6100 | AB14: 6500 | AC14: 6500 | AD14: 6100 | AE14: 6500 | AF14: 6500 | AG14: 5900 | AH14: 6300 | AI14: 6300 | AJ14: 6900 | AK14: 7600 | AL14: 7600 | AM14: 1025 | AN14: 0 | AO14: 0 | AP14: 6900 | AQ14: 7600 | AR14: 7600 | AS14: 6900 | AT14: 7600 | AU14: 7600 | AV14: 6900 | AW14: 7600 | AX14: 7600 | AY14: 7000 | AZ14: 7800 | BA14: 7800 | BB14: 7150 | BC14: 7850 | BD14: 7850 | BE14: 6500 | BF14: 7400 | BG14: 7400 | BH14: 6300 | BI14: 7500 | BJ14: 7500 | BK14: 6300 | BL14: 7500 | BM14: 7500 | BN14: 6300 | BO14: 7500 | BP14: 7500 | BQ14: =BN14+2791 -> 9091 | BR14: =BO14+2791 -> 10291 | BS14: =BP14+2791 -> 10291
A15: Haldia | B15: INHAL | C15: 6100 | D15: 6500 | E15: 6500 | F15: 6100 | G15: 6500 | H15: 6500 | I15: 6100 | J15: 6500 | K15: 6500 | L15: 6100 | M15: 6500 | N15: 6500 | O15: 6100 | P15: 6500 | Q15: 6500 | R15: 6200 | S15: 6600 | T15: 6600 | U15: 6200 | V15: 6600 | W15: 6600 | X15: 6200 | Y15: 6600 | Z15: 6600 | AA15: 6100 | AB15: 6500 | AC15: 6500 | AD15: 6100 | AE15: 6500 | AF15: 6500 | AG15: 5900 | AH15: 6300 | AI15: 6300 | AJ15: 6200 | AK15: 7100 | AL15: 7100 | AM15: 975 | AN15: 1100 | AO15: 1100 | AP15: 6200 | AQ15: 7100 | AR15: 7100 | AS15: 6200 | AT15: 7100 | AU15: 7100 | AV15: 6200 | AW15: 7100 | AX15: 7100 | AY15: 6300 | AZ15: 7300 | BA15: 7300 | BB15: 6450 | BC15: 7350 | BD15: 7350 | BE15: 6500 | BF15: 7400 | BG15: 7400 | BH15: 6475 | BI15: 7600 | BJ15: 7600 | BK15: 6475 | BL15: 7600 | BM15: 7600 | BN15: 6475 | BO15: 7600 | BP15: 7600 | BQ15: =BN15+2791 -> 9266 | BR15: =BO15+2791 -> 10391 | BS15: =BP15+2791 -> 10391
A16: Mundra | B16: INMUN | C16: 7200 | D16: 7700 | E16: 7700 | F16: 7200 | G16: 7700 | H16: 7700 | I16: 7200 | J16: 7700 | K16: 7700 | L16: 7200 | M16: 7700 | N16: 7700 | O16: 7200 | P16: 7700 | Q16: 7700 | R16: 7300 | S16: 7800 | T16: 7800 | U16: 7300 | V16: 7800 | W16: 7800 | X16: 7300 | Y16: 7800 | Z16: 7800 | AA16: 7200 | AB16: 7700 | AC16: 7700 | AD16: 7200 | AE16: 7700 | AF16: 7700 | AG16: 7000 | AH16: 7500 | AI16: 7500 | AJ16: 7500 | AK16: 8500 | AL16: 8500 | AM16: 200 | AN16: 200 | AO16: 200 | AP16: 7500 | AQ16: 8500 | AR16: 8500 | AS16: 7500 | AT16: 8500 | AU16: 8500 | AV16: 7500 | AW16: 8500 | AX16: 8500 | AY16: 7600 | AZ16: 8700 | BA16: 8700 | BB16: 7750 | BC16: 8750 | BD16: 8750 | BE16: 7600 | BF16: 8600 | BG16: 8600 | BH16: 7400 | BI16: 7900 | BJ16: 7900 | BK16: 7400 | BL16: 7900 | BM16: 7900 | BN16: 7400 | BO16: 7900 | BP16: 7900 | BQ16: =BN16+2791 -> 10191 | BR16: =BO16+2791 -> 10691 | BS16: =BP16+2791 -> 10691
A17: Pipavav | B17: INPAV | C17: 7200 | D17: 7700 | E17: 7700 | F17: 7200 | G17: 7700 | H17: 7700 | I17: 7200 | J17: 7700 | K17: 7700 | L17: 7200 | M17: 7700 | N17: 7700 | O17: 7200 | P17: 7700 | Q17: 7700 | R17: 7300 | S17: 7800 | T17: 7800 | U17: 7300 | V17: 7800 | W17: 7800 | X17: 7300 | Y17: 7800 | Z17: 7800 | AA17: 7200 | AB17: 7700 | AC17: 7700 | AD17: 7200 | AE17: 7700 | AF17: 7700 | AG17: 7000 | AH17: 7500 | AI17: 7500 | AJ17: 7500 | AK17: 8500 | AL17: 8500 | AM17: 200 | AN17: 200 | AO17: 200 | AP17: 7500 | AQ17: 8500 | AR17: 8500 | AS17: 7500 | AT17: 8500 | AU17: 8500 | AV17: 7500 | AW17: 8500 | AX17: 8500 | AY17: 7600 | AZ17: 8700 | BA17: 8700 | BB17: 7750 | BC17: 8750 | BD17: 8750 | BE17: 7600 | BF17: 8600 | BG17: 8600 | BH17: 7400 | BI17: 7900 | BJ17: 7900 | BK17: 7400 | BL17: 7900 | BM17: 7900 | BN17: 7400 | BO17: 7900 | BP17: 7900 | BQ17: =BN17+2791 -> 10191 | BR17: =BO17+2791 -> 10691 | BS17: =BP17+2791 -> 10691
A18: Vizag | B18: INVTZ | C18: 6100 | D18: 6500 | E18: 6500 | F18: 6100 | G18: 6500 | H18: 6500 | I18: 6100 | J18: 6500 | K18: 6500 | L18: 6100 | M18: 6500 | N18: 6500 | O18: 6100 | P18: 6500 | Q18: 6500 | R18: 6200 | S18: 6600 | T18: 6600 | U18: 6200 | V18: 6600 | W18: 6600 | X18: 6200 | Y18: 6600 | Z18: 6600 | AA18: 6100 | AB18: 6500 | AC18: 6500 | AD18: 6100 | AE18: 6500 | AF18: 6500 | AG18: 5900 | AH18: 6300 | AI18: 6300 | AJ18: 6700 | AK18: 7300 | AL18: 7300 | AM18: 1125 | AN18: 1250 | AO18: 1250 | AP18: 6700 | AQ18: 7300 | AR18: 7300 | AS18: 6700 | AT18: 7300 | AU18: 7300 | AV18: 6700 | AW18: 7300 | AX18: 7300 | AY18: 6800 | AZ18: 7500 | BA18: 7500 | BB18: 6950 | BC18: 7550 | BD18: 7550 | BE18: 6800 | BF18: 7400 | BG18: 7400 | BH18: 6800 | BI18: 7300 | BJ18: 7300 | BK18: 6800 | BL18: 7300 | BM18: 7300 | BN18: 6800 | BO18: 7300 | BP18: 7300 | BQ18: =BN18+2791 -> 9591 | BR18: =BO18+2791 -> 10091 | BS18: =BP18+2791 -> 10091
A19: Nhava Sheva | B19: INNSA | C19: 7200 | D19: 7700 | E19: 7700 | F19: 7200 | G19: 7700 | H19: 7700 | I19: 7200 | J19: 7700 | K19: 7700 | L19: 7200 | M19: 7700 | N19: 7700 | O19: 7200 | P19: 7700 | Q19: 7700 | R19: 7300 | S19: 7800 | T19: 7800 | U19: 7300 | V19: 7800 | W19: 7800 | X19: 7300 | Y19: 7800 | Z19: 7800 | AA19: 7200 | AB19: 7700 | AC19: 7700 | AD19: 7200 | AE19: 7700 | AF19: 7700 | AG19: 7000 | AH19: 7500 | AI19: 7500 | AJ19: 7500 | AK19: 8500 | AL19: 8500 | AM19: 200 | AN19: 200 | AO19: 200 | AP19: 7500 | AQ19: 8500 | AR19: 8500 | AS19: 7500 | AT19: 8500 | AU19: 8500 | AV19: 7500 | AW19: 8500 | AX19: 8500 | AY19: 7600 | AZ19: 8700 | BA19: 8700 | BB19: 7750 | BC19: 8750 | BD19: 8750 | BE19: 7600 | BF19: 8600 | BG19: 8600 | BH19: 7400 | BI19: 7900 | BJ19: 7900 | BK19: 7400 | BL19: 7900 | BM19: 7900 | BN19: 7400 | BO19: 7900 | BP19: 7900 | BQ19: =BN19+2791 -> 10191 | BR19: =BO19+2791 -> 10691 | BS19: =BP19+2791 -> 10691
... A22: Mongla | B22: BDMGL | C22: 5700 | D22: 6000 | E22: 6000 | F22: 5700 | G22: 6000 | H22: 6000 | I22: 5700 | J22: 6000 | K22: 6000 | L22: 5700 | M22: 6000 | N22: 6000 | O22: 5700 | P22: 6000 | Q22: 6000 | R22: 5775 | S22: 6100 | T22: 6100 | U22: 5775 | V22: 6100 | W22: 6100 | X22: 5775 | Y22: 6100 | Z22: 6100 | AA22: 5700 | AB22: 6000 | AC22: 6000 | AD22: 5700 | AE22: 6000 | AF22: 6000 | AG22: 5500 | AH22: 5800 | AI22: 5800 | AJ22: 5950 | AK22: 8050 | AL22: 8050 | AM22: 200 | AN22: 200 | AO22: 200 | AP22: 6190 | AQ22: 8290 | AR22: 8290 | AS22: 5950 | AT22: 8050 | AU22: 8050 | AV22: 5950 | AW22: 8050 | AX22: 8050 | AY22: 5950 | AZ22: 8200 | BA22: 8200 | BB22: 6100 | BC22: 8250 | BD22: 8250 | BE22: 6400 | BF22: 7300 | BG22: 7300 | BH22: 6275 | BI22: 6450 | BJ22: 6450 | BK22: 6275 | BL22: 6450 | BM22: 6450 | BN22: 6275 | BO22: 6450 | BP22: 6450 | BQ22: =BN22+2791 -> 9066 | BR22: =BO22+2791 -> 9241 | BS22: =BP22+2791 -> 9241
A23: Jebel Ali | B23: AEJEA | C23: 200 | D23: 200 | E23: 200 | F23: 200 | G23: 200 | H23: 200 | I23: 200 | J23: 200 | K23: 200 | L23: 200 | M23: 200 | N23: 200 | O23: 200 | P23: 200 | Q23: 200 | R23: 200 | S23: 200 | T23: 200 | U23: 200 | V23: 200 | W23: 200 | X23: 200 | Y23: 200 | Z23: 200 | AA23: 200 | AB23: 200 | AC23: 200 | AD23: 200 | AE23: 200 | AF23: 200 | AG23: 200 | AH23: 200 | AI23: 200 | AJ23: 200 | AK23: 200 | AL23: 200 | AM23: 200 | AN23: 200 | AO23: 200 | AP23: 200 | AQ23: 200 | AR23: 200 | AS23: 200 | AT23: 200 | AU23: 200 | AV23: 200 | AW23: 200 | AX23: 200 | AY23: 200 | AZ23: 200 | BA23: 200 | BB23: 200 | BC23: 200 | BD23: 200 | BE23: 200 | BF23: 200 | BG23: 200 | BH23: 200 | BI23: 200 | BJ23: 200 | BK23: 200 | BL23: 200 | BM23: 200 | BN23: 200 | BO23: 200 | BP23: 200
A24: Karachi | B24: PKKHI | C24: 8400 | D24: 8500 | E24: 8500 | F24: 8400 | G24: 8500 | H24: 8500 | I24: 8400 | J24: 8500 | K24: 8500 | L24: 8400 | M24: 8500 | N24: 8500 | O24: 8400 | P24: 8500 | Q24: 8500 | R24: 8425 | S24: 8575 | T24: 8575 | U24: 8425 | V24: 8575 | W24: 8575 | X24: 8425 | Y24: 8575 | Z24: 8575 | AA24: 8400 | AB24: 8500 | AC24: 8500 | AD24: 8400 | AE24: 8500 | AF24: 8500 | AG24: 8200 | AH24: 8300 | AI24: 8300 | AJ24: 8600 | AK24: 8600 | AL24: 8650 | AM24: 200 | AN24: 200 | AO24: 200 | AP24: 8740 | AQ24: 8650 | AR24: 8650 | AS24: 8600 | AT24: 8600 | AU24: 8650 | AV24: 8600 | AW24: 8600 | AX24: 8650 | AY24: 8650 | AZ24: 8850 | BA24: 8850 | BB24: 8800 | BC24: 8900 | BD24: 8900 | BE24: 9275 | BF24: 9875 | BG24: 9875 | BH24: 8600 | BI24: 8700 | BJ24: 8700 | BK24: 8600 | BL24: 8700 | BM24: 8700 | BN24: 8600 | BO24: 8700 | BP24: 8700 | BQ24: =BN24+2791 -> 11391 | BR24: =BO24+2791 -> 11491 | BS24: =BP24+2791 -> 11491
A27: https://www.one-line.com/en/news/notice-emergency-fuel-surcharge-efs-implementation
A29: Rates are inclusive of BRS/PSS/ BAF/OBS/MBS/EFS subj HEA, LSF , CSS, SLF, THCS both end , Doc fees both end , prevailing surcharges in Opus and local charges
A30: CY/CY, Non - DG
A33: LSF will be zero wef 01 Jan 2020 as we incorporated into OBS.
A34: ** This is not deactivate as we will resume once CN costal regulation become 0.1%
A36: ** Ex Colombo , terms are Rates inclusive BAF , BRS, PSS, CSS, OTHC, ODOC FEE/OBS/MBS/EFS/CDD and rate are subject to DTHC/Local charges at destination.
A38: HEA Quantum** (Applicable for Ax1 /2/3)
A39: 18- 21 mtons - USD 150/20'
A40: 21.01 mtons and above - 200/20'
A42: Our FAK rates are for Non- DG cargo, Our HAZ top up is - Usd 200/ TEUS, IMO 8/9 is USD 100/ TEUS
A59: DG Cargo T/s SIN port , will be subj to PSA DG surcharge accordingly to the DG class no.

Sheet Reefer
C1: From | D1: To
A2: Validity period | B2: ='China_TWN_SIN_HKG_KR Dry'!B4 -> FAK | C2: ='China_TWN_SIN_HKG_KR Dry'!D4 -> 46256 | D2: ='China_TWN_SIN_HKG_KR Dry'!E4 -> 46265
C4: POD
C5: Manzanillo, MX | D5: Lazaro Cardenas, MX | E5: Callao, PE | F5: Valparaiso, CL | G5: Coronel CL | H5: San Vicente CL | I5: Buenaventura, CO | J5: San Antonio, CL | K5: Guayaquil, EC | L5: Posorja, EC | M5: Lirquen, CL | N5: Paita, PE | O5: Ensenada, MX | P5: Puerto Quetzal, GT | Q5: Acajutla, SV | R5: Corinto, NI | S5: Puerto Caldera, CR | T5: Iquique, CL
C6: MXZLO | D6: MXLZC | E6: PECLL | F6: CLVAP | G6: CLCNL | H6: CLSVE | I6: COBUN | J6: CLSAI | K6: ECGYE | L6: ECPSJ | M6: CLLQN | N6: PEPAI | O6: MXESE | P6: GTPRQ | Q6: SVAQJ | R6: NICIO | S6: CRCAL | T6: CLIQQ
A7: POR | B7: POR CODE | C7: 40RH | D7: 40RH | E7: 40RH | F7: 40RH | G7: 40RH | H7: 40RH | I7: 40RH | J7: 40RH | K7: 40RH | L7: 40RH | M7: 40RH | N7: 40RH | O7: 40RH | P7: 40RH | Q7: 40RH | R7: 40RH | S7: 40RH | T7: 40RH
A8: Xingang** | B8: CNTXG | C8: 8200 | D8: 8200 | E8: 8200 | F8: 8200 | G8: 8200 | H8: 8200 | I8: 8200 | J8: 8200 | K8: 8000 | L8: 8000 | M8: 8200 | N8: 8300 | O8: 8400 | P8: 9400 | Q8: 3800 | R8: 9700 | S8: 9700
A9: Dalian** | B9: CNDLC | C9: 8200 | D9: 8200 | E9: 8200 | F9: 8200 | G9: 8200 | H9: 8200 | I9: 8200 | J9: 8200 | K9: 8000 | L9: 8000 | M9: 8200 | N9: 8300 | O9: 8400 | P9: 9400 | Q9: 3800 | R9: 9700 | S9: 9700
A10: Qingdao** | B10: CNTAO | C10: 8000 | D10: 8000 | E10: 8000 | F10: 8000 | G10: 8000 | H10: 8000 | I10: 8000 | J10: 8000 | K10: 7800 | L10: 7800 | M10: 8000 | N10: 8100 | O10: 8400 | P10: 9400 | Q10: 3800 | R10: 9700 | S10: 9700
A11: Ho Chi Minh City | B11: VNSGN, VNCMP, VNDIA, VNBHA | C11: 8250 | D11: 8250 | E11: 8250 | F11: 8250 | G11: 8250 | H11: 8250 | I11: 8250 | J11: 8250 | K11: 8050 | L11: 8050 | M11: 8250 | N11: 8350 | O11: 8600 | P11: 9550 | Q11: 3800 | R11: 9850 | S11: 9850
A12: Haiphong | B12: VNHPH | C12: 8350 | D12: 8350 | E12: 8350 | F12: 8350 | G12: 8350 | H12: 8350 | I12: 8350 | J12: 8350 | K12: 8150 | L12: 8150 | M12: 8350 | N12: 8450 | O12: 8700 | P12: 9650 | Q12: 3800 | R12: 9950 | S12: 9950
A13: Pusan | C13: 3800 | D13: 3800 | E13: 3800 | F13: 3800 | G13: 3800 | H13: 3800 | I13: 3800 | J13: 3800 | K13: 3600 | L13: 3600 | M13: 3800 | N13: 3800 | O13: 3800 | P13: 3900 | Q13: 3800 | R13: 4200 | S13: 4200
A14: Hong Kong** | B14: HKHKG | C14: 8000 | D14: 8000 | E14: 8000 | F14: 8000 | G14: 8000 | H14: 8000 | I14: 8000 | J14: 8000 | K14: 7800 | L14: 7800 | M14: 8000 | N14: 8100 | O14: 8300 | P14: 9100 | Q14: 3800 | R14: 9400 | S14: 9400
C15: 3800 | D15: 3800 | E15: 3800 | F15: 3800 | G15: 3800 | H15: 3800 | I15: 3800 | J15: 3800 | K15: 3600 | L15: 3600 | M15: 3800 | N15: 3800 | O15: 3800 | P15: 3900 | Q15: 3800 | R15: 4200 | S15: 4200
C16: 3800 | D16: 3800 | E16: 3800 | F16: 3800 | G16: 3800 | H16: 3800 | I16: 3800 | J16: 3800 | K16: 3600 | L16: 3600 | M16: 3800 | N16: 3800 | O16: 3800 | P16: 3900 | Q16: 3800 | R16: 4200 | S16: 4200
A17: Shekou** | B17: CNSHK | C17: 8000 | D17: 8000 | E17: 8000 | F17: 8000 | G17: 8000 | H17: 8000 | I17: 8000 | J17: 8000 | K17: 7800 | L17: 7800 | M17: 8000 | N17: 8100 | O17: 8300 | P17: 9100 | Q17: 3800 | R17: 9400 | S17: 9400
A18: Yantain** | B18: CNYTN | C18: 8000 | D18: 8000 | E18: 8000 | F18: 8000 | G18: 8000 | H18: 8000 | I18: 8000 | J18: 8000 | K18: 7800 | L18: 7800 | M18: 8000 | N18: 8100 | O18: 8300 | P18: 9100 | Q18: 3800 | R18: 9400 | S18: 9400
A19: Xiamen** | B19: CNXMN | C19: 8000 | D19: 8000 | E19: 8000 | F19: 8000 | G19: 8000 | H19: 8000 | I19: 8000 | J19: 8000 | K19: 7800 | L19: 7800 | M19: 8000 | N19: 8100 | O19: 8300 | P19: 9100 | Q19: 3800 | R19: 9400 | S19: 9400
A20: Singapore | B20: SGSIN | C20: 3800 | D20: 3800 | E20: 3800 | F20: 3800 | G20: 3800 | H20: 3800 | I20: 3800 | J20: 3800 | K20: 3600 | L20: 3600 | M20: 3800 | N20: 3800 | O20: 3800 | P20: 3900 | Q20: 3800 | R20: 4200 | S20: 4200
A21: Kaohshiung | B21: TWKHH | C21: 3800 | D21: 3800 | E21: 3800 | F21: 3800 | G21: 3800 | H21: 3800 | I21: 3800 | J21: 3800 | K21: 3600 | L21: 3600 | M21: 3800 | N21: 3800 | O21: 3800 | P21: 3900 | Q21: 3800 | R21: 4200 | S21: 4200
A22: Keelung | B22: TWKEL | C22: 3800 | D22: 3800 | E22: 3800 | F22: 3800 | G22: 3800 | H22: 3800 | I22: 3800 | J22: 3800 | K22: 3600 | L22: 3600 | M22: 3800 | N22: 3800 | O22: 3800 | P22: 3900 | Q22: 3800 | R22: 4200 | S22: 4200
A23: Bangkok | B23: THBKK | C23: 3800 | D23: 3800 | E23: 3800 | F23: 3800 | G23: 3800 | H23: 3800 | I23: 3800 | J23: 3800 | K23: 3600 | L23: 3600 | M23: 3800 | N23: 3800 | O23: 3800 | P23: 3900 | Q23: 3800 | R23: 4200 | S23: 4200
A24: Latkrabang | B24: THLKR | C24: 3800 | D24: 3800 | E24: 3800 | F24: 3800 | G24: 3800 | H24: 3800 | I24: 3800 | J24: 3800 | K24: 3600 | L24: 3600 | M24: 3800 | N24: 3800 | O24: 3800 | P24: 3900 | Q24: 3800 | R24: 4200 | S24: 4200
A25: Laemchabang | B25: THLCH | C25: 3800 | D25: 3800 | E25: 3800 | F25: 3800 | G25: 3800 | H25: 3800 | I25: 3800 | J25: 3800 | K25: 3600 | L25: 3600 | M25: 3800 | N25: 3800 | O25: 3800 | P25: 3900 | Q25: 3800 | R25: 4200 | S25: 4200
A26: Haikou** | B26: CNHAK | C26: 8100 | D26: 8100 | E26: 8100 | F26: 8100 | G26: 8100 | H26: 8100 | I26: 8100 | J26: 8100 | K26: 7900 | L26: 7900 | M26: 8100 | N26: 8200 | O26: 8400 | P26: 9200 | Q26: 3800 | R26: 9500 | S26: 9500
A27: Zhanjiang** | B27: CNZHA | C27: 8100 | D27: 8100 | E27: 8100 | F27: 8100 | G27: 8100 | H27: 8100 | I27: 8100 | J27: 8100 | K27: 7900 | L27: 7900 | M27: 8100 | N27: 8200 | O27: 8400 | P27: 9200 | Q27: 3800 | R27: 9500 | S27: 9500
A28: Nhava Sheva / Mundra / Chennai /Kattupalli | B28: INNSA/INMUN/INMAA/INKTP | C28: 8350 | D28: 8350 | E28: 8350 | F28: 8350 | G28: 8350 | H28: 8350 | I28: 8350 | J28: 8350 | K28: 8150 | L28: 8150 | M28: 8350 | N28: 8450 | O28: 8700 | P28: 9650 | Q28: 3800 | R28: 9950 | S28: 9950
A31: Rates are inclusive of BRS/PSS/ BAF/ OBS / MBS / EFS** subj LSF , CSS, SLF, THCS both end , Doc fees both end , prevailing surcharges in Opus and local charges
A33: CY/CY, Non - DG
A34: Above rates are not applicable for Pharma products, Pls check with MKTG for Pharma commodity
A37: LSF will be zero wef 01 Jan 2020 as we incorporated into OBS.
A38: ** This is not deactivate as we will resume once CN costal regulation become 0.1%
A53: DG Cargo T/s SIN port , will be subj to PSA DG surcharge accordingly to the DG class no.

Sheet LAWC NOR 
C1: From | D1: To
A2: Validity period | B2: ='China_TWN_SIN_HKG_KR Dry'!B4 -> FAK | C2: ='China_TWN_SIN_HKG_KR Dry'!D4 -> 46256 | D2: ='China_TWN_SIN_HKG_KR Dry'!E4 -> 46265
C4: POD
C5: Manzanillo, MX | D5: Lazaro Cardenas, MX | E5: Callao, PE | F5: Buenaventura, CO | G5: Guayaquil, EC | H5: Posorja, EC | I5: Coronel CL | J5: San Vicente CL | K5: Paita, PE | L5: Acajutla, SV | M5: Ensenada,MX | N5: Puerto Quetzal, GT | O5: Corinto, NI | P5: Puerto Caldera, CR | Q5: Lirquen, CL | R5: Valparaiso, CL | S5: San Antonio, CL | T5: Iquique, CL
C6: MXZLO | D6: MXLZC | E6: PECLL | F6: COBUN (on AX3 only) | G6: ECGYE | H6: ECPSJ | I6: CLCNL | J6: CLSVE | K6: PEPAI | L6: SVAQJ | M6: MXESE | N6: GTPRQ | O6: NICIO | P6: CRCAL | Q6: CLLQN | R6: CLVAP | S6: CLSAI | T6: CLIQQ
A7: POR | B7: POR CODE | C7: 40NOR | D7: 40NOR | E7: 40NOR | F7: 40NOR | G7: 40NOR | H7: 40NOR | I7: 40NOR | J7: 40NOR | K7: 40NOR | L7: 40NOR | M7: 40NOR | N7: 40NOR | O7: 40NOR | P7: 40NOR | Q7: 40NOR | R7: 40NOR | S7: 40NOR | T7: 40NOR
A8: Pusan | B8: KRPUS | C8: 6700 | D8: 6700 | E8: 6700 | F8: 6700 | G8: 6500 | H8: 6500 | I8: 6700 | J8: 6700 | K8: 6700 | L8: 2800 | M8: 6900 | N8: 7700 | O8: 7700 | P8: 7700 | Q8: 6700 | R8: 6700 | S8: 6700
A9: Hong Kong | B9: HKHKG | C9: 6700 | D9: 6700 | E9: 6700 | F9: 6700 | G9: 6500 | H9: 6500 | I9: 6700 | J9: 6700 | K9: 6700 | L9: 2800 | M9: 6900 | N9: 7700 | O9: 7700 | P9: 7700 | Q9: 6700 | R9: 6700 | S9: 6700
A10: Singapore | B10: SGSIN | C10: 6700 | D10: 6700 | E10: 6700 | F10: 6700 | G10: 6500 | H10: 6500 | I10: 6700 | J10: 6700 | K10: 6700 | L10: 2800 | M10: 6900 | N10: 7700 | O10: 7700 | P10: 7700 | Q10: 6700 | R10: 6700 | S10: 6700
A11: Shanghai | B11: CNSHA | C11: 6700 | D11: 6700 | E11: 6700 | F11: 6700 | G11: 6500 | H11: 6500 | I11: 6700 | J11: 6700 | K11: 6700 | L11: 2800 | M11: 6900 | N11: 7700 | O11: 7700 | P11: 7700 | Q11: 6700 | R11: 6700 | S11: 6700
A12: Ningbo | B12: CNNGB | C12: 6700 | D12: 6700 | E12: 6700 | F12: 6700 | G12: 6500 | H12: 6500 | I12: 6700 | J12: 6700 | K12: 6700 | L12: 2800 | M12: 6900 | N12: 7700 | O12: 7700 | P12: 7700 | Q12: 6700 | R12: 6700 | S12: 6700
A13: Shekou | B13: CNSHK | C13: 6700 | D13: 6700 | E13: 6700 | F13: 6700 | G13: 6500 | H13: 6500 | I13: 6700 | J13: 6700 | K13: 6700 | L13: 2800 | M13: 6900 | N13: 7700 | O13: 7700 | P13: 7700 | Q13: 6700 | R13: 6700 | S13: 6700
A14: Yantian | B14: CNYTN | C14: 6700 | D14: 6700 | E14: 6700 | F14: 6700 | G14: 6500 | H14: 6500 | I14: 6700 | J14: 6700 | K14: 6700 | L14: 2800 | M14: 6900 | N14: 7700 | O14: 7700 | P14: 7700 | Q14: 6700 | R14: 6700 | S14: 6700
A15: Xiamen | B15: CNXMN | C15: 6700 | D15: 6700 | E15: 6700 | F15: 6700 | G15: 6500 | H15: 6500 | I15: 6700 | J15: 6700 | K15: 6700 | L15: 2800 | M15: 6900 | N15: 7700 | O15: 7700 | P15: 7700 | Q15: 6700 | R15: 6700 | S15: 6700
A16: Keelung | B16: TWKEL | C16: 6800 | D16: 6800 | E16: 6800 | F16: 6800 | G16: 6600 | H16: 6600 | I16: 6800 | J16: 6800 | K16: 6800 | L16: 2800 | M16: 7000 | N16: 7800 | O16: 7800 | P16: 7800 | Q16: 6800 | R16: 6800 | S16: 6800
A17: Kaohsiung | B17: TWKHH | C17: 6800 | D17: 6800 | E17: 6800 | F17: 6800 | G17: 6600 | H17: 6600 | I17: 6800 | J17: 6800 | K17: 6800 | L17: 2800 | M17: 7000 | N17: 7800 | O17: 7800 | P17: 7800 | Q17: 6800 | R17: 6800 | S17: 6800
A18: Qingdao | B18: CNTAO | C18: 6700 | D18: 6700 | E18: 6700 | F18: 6700 | G18: 6500 | H18: 6500 | I18: 6700 | J18: 6700 | K18: 6700 | L18: 2800 | M18: 6900 | N18: 7700 | O18: 7700 | P18: 7700 | Q18: 6700 | R18: 6700 | S18: 6700
A19: Port Klang | B19: MYPKG | C19: 6800 | D19: 6800 | E19: 6800 | F19: 6800 | G19: 6600 | H19: 6600 | I19: 6800 | J19: 6800 | K19: 6800 | L19: 2800 | M19: 7000 | N19: 7800 | O19: 7800 | P19: 7800 | Q19: 6800 | R19: 6800 | S19: 6800
... A22: Nansha | B22: CNNSA | C22: 6900 | D22: 6900 | E22: 6900 | F22: 6900 | G22: 6700 | H22: 6700 | I22: 6900 | J22: 6900 | K22: 6900 | L22: 2800 | M22: 7100 | N22: 7900 | O22: 7900 | P22: 7900 | Q22: 6900 | R22: 6900 | S22: 6900
A25: Rates are inclusive of BRS/PSS/ BAF/ OBS / MBS / EFS subj LSF , CSS, SLF, THCS both end , Doc fees both end , prevailing surcharges in Opus and local charges
A26: CY/CY, Non - DG
A29: LSF will be zero wef 01 Jan 2020 as we incorporated into OBS.
A30: ** This is not deactivate as we will resume once CN costal regulation become 0.1%
A32: Our FAK rates are for Non- DG cargo, Our HAZ top up is - Usd 200/ TEUS, IMO 8/9 is USD 100/ TEUS
A48: DG Cargo T/s SIN port , will be subj to PSA DG surcharge accordingly to the DG class no.

Sheet OOG
D1: From | E1: To
A2: Validity period | B2: ='China_TWN_SIN_HKG_KR Dry'!B4 -> FAK | D2: ='China_TWN_SIN_HKG_KR Dry'!D4 -> 46256 | E2: ='China_TWN_SIN_HKG_KR Dry'!E4 -> 46265
D5: POD
D6: Manzanillo,MX /Lazaro Cardenas, MX/ Callao, PE/ San Vicente/Coronel/ Lirquen, CL/San Antonio, CL /Valparaiso, CL/Buenaventura, CO /Puerto Angamos, CL | L6: Guayaquil, EC / Posorja, EC / Iquique, CL / Ensenada, MX / Puerto Quetzal, GT/ Rodman , PA | T6: Puerto Caldera, CR/Acajutla, SV / Corinto, NI
D7: MXZLO/ MXLZC/ PECLL/CLSVE/CLCNL/ CLLQN/ CLSAI/ CLVAP/ COBUN/CLPAG | L7: ECGYE / ECPSJ / CLIQQ** / MXESE/ GTPRQ/PAROD | T7: CRCAL/ SVAQJ/NICIO
A8: POR | B8: Via | C8: POR CODE | D8: 20 OT/ 20FR (inguage) | E8: 40 OT/ 40FR (inguage) | F8: 20 OT/ 20 FR (OH) | G8: 40 OT/ 40 FR (OH) | H8: 20 FR (OWOH) | I8: 40 FR (OWOH) | J8: 20 FR (OW) | K8: 40 FR (OW) | L8: 20 OT/ 20FR (inguage) | M8: 40 OT/ 40FR (inguage) | N8: 20 OT/ 20 FR (OH) | O8: 40 OT/ 40 FR (OH) | P8: 20 FR (OWOH) | Q8: 40 FR (OWOH) | R8: 20 FR (OW) | S8: 40 FR (OW) | T8: 20 OT/ 20FR/ (inguage) | U8: 40 OT/ 40FR (inguage) | V8: 20 OT/ 20 FR (OH) | W8: 40 OT/ 40 FR (OH) | X8: 20 FR (OWOH) | Y8: 40 FR (OWOH) | Z8: 20 FR (OW) | AA8: 40 FR (OW)
A9: Pusan | C9: KRPUS | D9: 8000 | E9: 8500 | F9: 10800 | G9: 11500 | H9: 25200 | I9: 27500 | J9: 21600 | K9: 15500 | L9: 8100 | M9: 8600 | N9: 10900 | O9: 11600 | P9: 25300 | Q9: 27600 | R9: 21700 | S9: 15600 | T9: 8800 | U9: 9300 | V9: 13200 | W9: 13900 | X9: 32400 | Y9: 34700 | Z9: 27600 | AA9: 19100
A10: Hong Kong | C10: HKHKG | D10: 8000 | E10: 8500 | F10: 10800 | G10: 11500 | H10: 25200 | I10: 27500 | J10: 21600 | K10: 15500 | L10: 8100 | M10: 8600 | N10: 10900 | O10: 11600 | P10: 25300 | Q10: 27600 | R10: 21700 | S10: 15600 | T10: 8800 | U10: 9300 | V10: 13200 | W10: 13900 | X10: 32400 | Y10: 34700 | Z10: 27600 | AA10: 19100
A11: Shanghai | C11: CNSHA | D11: 8000 | E11: 8500 | F11: 10800 | G11: 11500 | H11: 25200 | I11: 27500 | J11: 21600 | K11: 15500 | L11: 8100 | M11: 8600 | N11: 10900 | O11: 11600 | P11: 25300 | Q11: 27600 | R11: 21700 | S11: 15600 | T11: 8800 | U11: 9300 | V11: 13200 | W11: 13900 | X11: 32400 | Y11: 34700 | Z11: 27600 | AA11: 19100
A12: Ningbo | C12: CNNGB | D12: 8000 | E12: 8500 | F12: 10800 | G12: 11500 | H12: 25200 | I12: 27500 | J12: 21600 | K12: 15500 | L12: 8100 | M12: 8600 | N12: 10900 | O12: 11600 | P12: 25300 | Q12: 27600 | R12: 21700 | S12: 15600 | T12: 8800 | U12: 9300 | V12: 13200 | W12: 13900 | X12: 32400 | Y12: 34700 | Z12: 27600 | AA12: 19100
A13: Yantian | C13: CNYTN | D13: 8000 | E13: 8500 | F13: 10800 | G13: 11500 | H13: 25200 | I13: 27500 | J13: 21600 | K13: 15500 | L13: 8100 | M13: 8600 | N13: 10900 | O13: 11600 | P13: 25300 | Q13: 27600 | R13: 21700 | S13: 15600 | T13: 8800 | U13: 9300 | V13: 13200 | W13: 13900 | X13: 32400 | Y13: 34700 | Z13: 27600 | AA13: 19100
A14: Shekou | C14: CNSHK | D14: 8000 | E14: 8500 | F14: 10800 | G14: 11500 | H14: 25200 | I14: 27500 | J14: 21600 | K14: 15500 | L14: 8100 | M14: 8600 | N14: 10900 | O14: 11600 | P14: 25300 | Q14: 27600 | R14: 21700 | S14: 15600 | T14: 8800 | U14: 9300 | V14: 13200 | W14: 13900 | X14: 32400 | Y14: 34700 | Z14: 27600 | AA14: 19100
A15: Qingdao | C15: CNTAO | D15: 8000 | E15: 8500 | F15: 10800 | G15: 11500 | H15: 25200 | I15: 27500 | J15: 21600 | K15: 15500 | L15: 8100 | M15: 8600 | N15: 10900 | O15: 11600 | P15: 25300 | Q15: 27600 | R15: 21700 | S15: 15600 | T15: 8800 | U15: 9300 | V15: 13200 | W15: 13900 | X15: 32400 | Y15: 34700 | Z15: 27600 | AA15: 19100
A16: Xiamen | C16: CNXMN | D16: 8000 | E16: 8500 | F16: 10800 | G16: 11500 | H16: 25200 | I16: 27500 | J16: 21600 | K16: 15500 | L16: 8100 | M16: 8600 | N16: 10900 | O16: 11600 | P16: 25300 | Q16: 27600 | R16: 21700 | S16: 15600 | T16: 8800 | U16: 9300 | V16: 13200 | W16: 13900 | X16: 32400 | Y16: 34700 | Z16: 27600 | AA16: 19100
A17: Dalian | C17: CNDLC | D17: 8000 | E17: 8500 | F17: 11100 | G17: 11800 | H17: 25500 | I17: 27800 | J17: 21900 | K17: 15800 | L17: 8100 | M17: 8600 | N17: 11200 | O17: 11900 | P17: 25600 | Q17: 27900 | R17: 22000 | S17: 15900 | T17: 8800 | U17: 9300 | V17: 13500 | W17: 14200 | X17: 32700 | Y17: 35000 | Z17: 27900 | AA17: 19400
A18: Xingang | C18: CNTXG | D18: 8000 | E18: 8500 | F18: 11100 | G18: 11800 | H18: 25500 | I18: 27800 | J18: 21900 | K18: 15800 | L18: 8100 | M18: 8600 | N18: 11200 | O18: 11900 | P18: 25600 | Q18: 27900 | R18: 22000 | S18: 15900 | T18: 8800 | U18: 9300 | V18: 13500 | W18: 14200 | X18: 32700 | Y18: 35000 | Z18: 27900 | AA18: 19400
A19: Keelung | C19: TWKEL | D19: 8000 | E19: 8500 | F19: 10800 | G19: 11500 | H19: 25200 | I19: 27500 | J19: 21600 | K19: 15500 | L19: 8100 | M19: 8600 | N19: 10900 | O19: 11600 | P19: 25300 | Q19: 27600 | R19: 21700 | S19: 15600 | T19: 8800 | U19: 9300 | V19: 13200 | W19: 13900 | X19: 32400 | Y19: 34700 | Z19: 27600 | AA19: 19100
A20: Kaohsiung | C20: TWKHH | D20: 8200 | E20: 8700 | F20: 11000 | G20: 11700 | H20: 25400 | I20: 27700 | J20: 21800 | K20: 15700 | L20: 8300 | M20: 8800 | N20: 11100 | O20: 11800 | P20: 25500 | Q20: 27800 | R20: 21900 | S20: 15800 | T20: 8800 | U20: 9300 | V20: 13200 | W20: 13900 | X20: 32400 | Y20: 34700 | Z20: 27600 | AA20: 19100
A21: Jakarta | B21: KCI service only | C21: IDJKT | D21: 8800 | E21: 9800 | F21: 11900 | G21: 12800 | H21: 26300 | I21: 28800 | J21: 22700 | K21: 16800 | L21: 8900 | M21: 9900 | N21: 12000 | O21: 12900 | P21: 26400 | Q21: 28900 | R21: 22800 | S21: 16900 | T21: 8550 | U21: 9150 | V21: 12850 | W21: 13750 | X21: 32050 | Y21: 34550 | Z21: 27250 | AA21: 18950
A22: Surabaya | B22: KCI service only | C22: IDSUB | D22: 8800 | E22: 9800 | F22: 11900 | G22: 12800 | H22: 26300 | I22: 28800 | J22: 22700 | K22: 16800 | L22: 8900 | M22: 9900 | N22: 12000 | O22: 12900 | P22: 26400 | Q22: 28900 | R22: 22800 | S22: 16900 | T22: 8550 | U22: 9150 | V22: 12850 | W22: 13750 | X22: 32050 | Y22: 34550 | Z22: 27250 | AA22: 18950
A23: Nhava Sheva / Mundra | C23: INNSA , INMUN | D23: 8350 | E23: 9350 | F23: 11450 | G23: 12350 | H23: 25850 | I23: 28350 | J23: 22250 | K23: 16350 | L23: 8450 | M23: 9450 | N23: 11550 | O23: 12450 | P23: 25950 | Q23: 28450 | R23: 22350 | S23: 16450 | T23: 8550 | U23: 9150 | V23: 12850 | W23: 13750 | X23: 32050 | Y23: 34550 | Z23: 27250 | AA23: 18950
A24: Chennai | C24: INMAA | D24: 8800 | E24: 9800 | F24: 11900 | G24: 12800 | H24: 26300 | I24: 28800 | J24: 22700 | K24: 16800 | L24: 8900 | M24: 9900 | N24: 12000 | O24: 12900 | P24: 26400 | Q24: 28900 | R24: 22800 | S24: 16900 | T24: 8550 | U24: 9150 | V24: 12850 | W24: 13750 | X24: 32050 | Y24: 34550 | Z24: 27250 | AA24: 18950
D27: POD
D28: Manzanillo,MX /Lazaro Cardenas, MX/ Callao, PE/ Coronel, CL/ Lirquen, CL/San Antonio, CL /Valparaiso, CL/Buenaventura, CO /Antofagasta, CL/Puerto Angamos, CL | L28: Guayaquil, EC/ Iquique, CL/Ensenada, MX/Puerto Quetzal, GT/ Rodman , PA | T28: Puerto Caldera, CR/Acajutla, SV / Corinto, NI
D29: MXZLO/ MXLZC/ PECLL/ CLCNL/ CLLQN/ CLSAI/ CLVAP/ COBUN/CLANF/CLPAG | L29: ECGYE /CLIQQ/ MXSSE/ GTPRQ/PAROD | T29: CRCAL/ SVAQJ/NICIO
A30: POR | B30: Via | C30: POR CODE | D30: 20 OT/ 20FR (inguage) | E30: 40 OT/ 40FR (inguage) | F30: 20 OT/ 20 FR (OH) | G30: 40 OT/ 40 FR (OH) | H30: 20 FR (OWOH) | I30: 40 FR (OWOH) | J30: 20 FR (OW) | K30: 40 FR (OW) | L30: 20 OT/ 20FR (inguage) | M30: 40 OT/ 40FR (inguage) | N30: 20 OT/ 20 FR (OH) | O30: 40 OT/ 40 FR (OH) | P30: 20 FR (OWOH) | Q30: 40 FR (OWOH) | R30: 20 FR (OW) | S30: 40 FR (OW) | T30: 20 OT/ 20FR/ (inguage) | U30: 40 OT/ 40FR (inguage) | V30: 20 OT/ 20 FR (OH) | W30: 40 OT/ 40 FR (OH) | X30: 20 FR (OWOH) | Y30: 40 FR (OWOH) | Z30: 20 FR (OW) | AA30: 40 FR (OW)
A31: Pusan | C31: KRPUS | D31: =$B$65+$B$70 -> 8000 | E31: =$C$65+$C$70 -> 8500 | F31: =$B$65+ ($B$67*2) -> 10800 | G31: =$C$65+($C$67*2) -> 11500 | H31: =$B$65+ ($B$67*10) -> 25200 | I31: =$C$65+($C$67*10) -> 27500 | J31: =$B$65+ ($B$67*8) -> 21600 | K31: =$C$65+($C$67*4) -> 15500 | L31: =($B$65+$B$70)+100 -> 8100 | M31: =($C$65+$C$70)+100 -> 8600 | N31: =($B$65+ ($B$67*2))+100 -> 10900 | O31: =($C$65+($C$67*2))+100 -> 11600 | P31: =($B$65+ ($B$67*10))+100 -> 25300 | Q31: =($C$65+($C$67*10))+100 -> 27600 | R31: =($B$65+ ($B$67*8))+100 -> 21700 | S31: =($C$65+($C$67*4))+100 -> 15600 | T31: =$D$65+$D$70 -> 8800 | U31: =$E$65+$E$70 -> 9300 | V31: =$D$65+ ($D$67*2) -> 13200 | W31: =$E$65+($E$67*2) -> 13900 | X31: =$D$65+ ($D$67*10) -> 32400 | Y31: =$E$65+($E$67*10) -> 34700 | Z31: =$D$65+ ($D$67*8) -> 27600 | AA31: =$E$65+($E$67*4) -> 19100
A32: Hong Kong | C32: HKHKG | D32: =$B$64+$B$70 -> 8000 | E32: =$C$64+$C$70 -> 8500 | F32: =$B$64+ ($B$68*2) -> 10800 | G32: =$C$64+($C$68*2) -> 11500 | H32: =$B$64+ ($B$68*10) -> 25200 | I32: =$C$64+($C$68*10) -> 27500 | J32: =$B$64+ ($B$68*8) -> 21600 | K32: =$C$64+($C$68*4) -> 15500 | L32: =($B$64+$B$70)+100 -> 8100 | M32: =($C$64+$C$70)+100 -> 8600 | N32: =($B$64+ ($B$68*2))+100 -> 10900 | O32: =($C$64+($C$68*2))+100 -> 11600 | P32: =($B$64+ ($B$68*10))+100 -> 25300 | Q32: =($C$64+($C$68*10))+100 -> 27600 | R32: =($B$64+ ($B$68*8))+100 -> 21700 | S32: =($C$64+($C$68*4))+100 -> 15600 | T32: =$D$64+$D$70 -> 8800 | U32: =$E$64+$E$70 -> 9300 | V32: =$D$64+ ($D$68*2) -> 13200 | W32: =$E$64+($E$68*2) -> 13900 | X32: =$D$64+ ($D$68*10) -> 32400 | Y32: =$E$64+($E$68*10) -> 34700 | Z32: =$D$64+ ($D$68*8) -> 27600 | AA32: =$E$64+($E$68*4) -> 19100
A33: Shanghai | C33: CNSHA | D33: =$B$64+$B$70 -> 8000 | E33: =$C$64+$C$70 -> 8500 | F33: =$B$64+ ($B$68*2) -> 10800 | G33: =$C$64+($C$68*2) -> 11500 | H33: =$B$64+ ($B$68*10) -> 25200 | I33: =$C$64+($C$68*10) -> 27500 | J33: =$B$64+ ($B$68*8) -> 21600 | K33: =$C$64+($C$68*4) -> 15500 | L33: =($B$64+$B$70)+100 -> 8100 | M33: =($C$64+$C$70)+100 -> 8600 | N33: =($B$64+ ($B$68*2))+100 -> 10900 | O33: =($C$64+($C$68*2))+100 -> 11600 | P33: =($B$64+ ($B$68*10))+100 -> 25300 | Q33: =($C$64+($C$68*10))+100 -> 27600 | R33: =($B$64+ ($B$68*8))+100 -> 21700 | S33: =($C$64+($C$68*4))+100 -> 15600 | T33: =$D$64+$D$70 -> 8800 | U33: =$E$64+$E$70 -> 9300 | V33: =$D$64+ ($D$68*2) -> 13200 | W33: =$E$64+($E$68*2) -> 13900 | X33: =$D$64+ ($D$68*10) -> 32400 | Y33: =$E$64+($E$68*10) -> 34700 | Z33: =$D$64+ ($D$68*8) -> 27600 | AA33: =$E$64+($E$68*4) -> 19100
A34: Ningbo | C34: CNNGB | D34: =$B$64+$B$70 -> 8000 | E34: =$C$64+$C$70 -> 8500 | F34: =$B$64+ ($B$68*2) -> 10800 | G34: =$C$64+($C$68*2) -> 11500 | H34: =$B$64+ ($B$68*10) -> 25200 | I34: =$C$64+($C$68*10) -> 27500 | J34: =$B$64+ ($B$68*8) -> 21600 | K34: =$C$64+($C$68*4) -> 15500 | L34: =($B$64+$B$70)+100 -> 8100 | M34: =($C$64+$C$70)+100 -> 8600 | N34: =($B$64+ ($B$68*2))+100 -> 10900 | O34: =($C$64+($C$68*2))+100 -> 11600 | P34: =($B$64+ ($B$68*10))+100 -> 25300 | Q34: =($C$64+($C$68*10))+100 -> 27600 | R34: =($B$64+ ($B$68*8))+100 -> 21700 | S34: =($C$64+($C$68*4))+100 -> 15600 | T34: =$D$64+$D$70 -> 8800 | U34: =$E$64+$E$70 -> 9300 | V34: =$D$64+ ($D$68*2) -> 13200 | W34: =$E$64+($E$68*2) -> 13900 | X34: =$D$64+ ($D$68*10) -> 32400 | Y34: =$E$64+($E$68*10) -> 34700 | Z34: =$D$64+ ($D$68*8) -> 27600 | AA34: =$E$64+($E$68*4) -> 19100
A35: Yantian | C35: CNYTN | D35: =$B$64+$B$70 -> 8000 | E35: =$C$64+$C$70 -> 8500 | F35: =$B$64+ ($B$68*2) -> 10800 | G35: =$C$64+($C$68*2) -> 11500 | H35: =$B$64+ ($B$68*10) -> 25200 | I35: =$C$64+($C$68*10) -> 27500 | J35: =$B$64+ ($B$68*8) -> 21600 | K35: =$C$64+($C$68*4) -> 15500 | L35: =($B$64+$B$70)+100 -> 8100 | M35: =($C$64+$C$70)+100 -> 8600 | N35: =($B$64+ ($B$68*2))+100 -> 10900 | O35: =($C$64+($C$68*2))+100 -> 11600 | P35: =($B$64+ ($B$68*10))+100 -> 25300 | Q35: =($C$64+($C$68*10))+100 -> 27600 | R35: =($B$64+ ($B$68*8))+100 -> 21700 | S35: =($C$64+($C$68*4))+100 -> 15600 | T35: =$D$64+$D$70 -> 8800 | U35: =$E$64+$E$70 -> 9300 | V35: =$D$64+ ($D$68*2) -> 13200 | W35: =$E$64+($E$68*2) -> 13900 | X35: =$D$64+ ($D$68*10) -> 32400 | Y35: =$E$64+($E$68*10) -> 34700 | Z35: =$D$64+ ($D$68*8) -> 27600 | AA35: =$E$64+($E$68*4) -> 19100
A36: Shekou | C36: CNSHK | D36: =$B$64+$B$70 -> 8000 | E36: =$C$64+$C$70 -> 8500 | F36: =$B$64+ ($B$68*2) -> 10800 | G36: =$C$64+($C$68*2) -> 11500 | H36: =$B$64+ ($B$68*10) -> 25200 | I36: =$C$64+($C$68*10) -> 27500 | J36: =$B$64+ ($B$68*8) -> 21600 | K36: =$C$64+($C$68*4) -> 15500 | L36: =($B$64+$B$70)+100 -> 8100 | M36: =($C$64+$C$70)+100 -> 8600 | N36: =($B$64+ ($B$68*2))+100 -> 10900 | O36: =($C$64+($C$68*2))+100 -> 11600 | P36: =($B$64+ ($B$68*10))+100 -> 25300 | Q36: =($C$64+($C$68*10))+100 -> 27600 | R36: =($B$64+ ($B$68*8))+100 -> 21700 | S36: =($C$64+($C$68*4))+100 -> 15600 | T36: =$D$64+$D$70 -> 8800 | U36: =$E$64+$E$70 -> 9300 | V36: =$D$64+ ($D$68*2) -> 13200 | W36: =$E$64+($E$68*2) -> 13900 | X36: =$D$64+ ($D$68*10) -> 32400 | Y36: =$E$64+($E$68*10) -> 34700 | Z36: =$D$64+ ($D$68*8) -> 27600 | AA36: =$E$64+($E$68*4) -> 19100
A37: Qingdao | C37: CNTAO | D37: =$B$64+$B$70 -> 8000 | E37: =$C$64+$C$70 -> 8500 | F37: =$B$64+ ($B$68*2) -> 10800 | G37: =$C$64+($C$68*2) -> 11500 | H37: =$B$64+ ($B$68*10) -> 25200 | I37: =$C$64+($C$68*10) -> 27500 | J37: =$B$64+ ($B$68*8) -> 21600 | K37: =$C$64+($C$68*4) -> 15500 | L37: =($B$64+$B$70)+100 -> 8100 | M37: =($C$64+$C$70)+100 -> 8600 | N37: =($B$64+ ($B$68*2))+100 -> 10900 | O37: =($C$64+($C$68*2))+100 -> 11600 | P37: =($B$64+ ($B$68*10))+100 -> 25300 | Q37: =($C$64+($C$68*10))+100 -> 27600 | R37: =($B$64+ ($B$68*8))+100 -> 21700 | S37: =($C$64+($C$68*4))+100 -> 15600 | T37: =$D$64+$D$70 -> 8800 | U37: =$E$64+$E$70 -> 9300 | V37: =$D$64+ ($D$68*2) -> 13200 | W37: =$E$64+($E$68*2) -> 13900 | X37: =$D$64+ ($D$68*10) -> 32400 | Y37: =$E$64+($E$68*10) -> 34700 | Z37: =$D$64+ ($D$68*8) -> 27600 | AA37: =$E$64+($E$68*4) -> 19100
A38: Xiamen | C38: CNXMN | D38: =$B$64+$B$70 -> 8000 | E38: =$C$64+$C$70 -> 8500 | F38: =$B$64+ ($B$68*2) -> 10800 | G38: =$C$64+($C$68*2) -> 11500 | H38: =$B$64+ ($B$68*10) -> 25200 | I38: =$C$64+($C$68*10) -> 27500 | J38: =$B$64+ ($B$68*8) -> 21600 | K38: =$C$64+($C$68*4) -> 15500 | L38: =($B$64+$B$70)+100 -> 8100 | M38: =($C$64+$C$70)+100 -> 8600 | N38: =($B$64+ ($B$68*2))+100 -> 10900 | O38: =($C$64+($C$68*2))+100 -> 11600 | P38: =($B$64+ ($B$68*10))+100 -> 25300 | Q38: =($C$64+($C$68*10))+100 -> 27600 | R38: =($B$64+ ($B$68*8))+100 -> 21700 | S38: =($C$64+($C$68*4))+100 -> 15600 | T38: =$D$64+$D$70 -> 8800 | U38: =$E$64+$E$70 -> 9300 | V38: =$D$64+ ($D$68*2) -> 13200 | W38: =$E$64+($E$68*2) -> 13900 | X38: =$D$64+ ($D$68*10) -> 32400 | Y38: =$E$64+($E$68*10) -> 34700 | Z38: =$D$64+ ($D$68*8) -> 27600 | AA38: =$E$64+($E$68*4) -> 19100
A39: Dalian | C39: CNDLC | D39: =D37 -> 8000 | E39: =E37 -> 8500 | F39: =F33+300 -> 11100 | G39: =G33+300 -> 11800 | H39: =H33+300 -> 25500 | I39: =I33+300 -> 27800 | J39: =J33+300 -> 21900 | K39: =K33+300 -> 15800 | L39: =L37 -> 8100 | M39: =M37 -> 8600 | N39: =N33+300 -> 11200 | O39: =O33+300 -> 11900 | P39: =P33+300 -> 25600 | Q39: =Q33+300 -> 27900 | R39: =R33+300 -> 22000 | S39: =S33+300 -> 15900 | T39: =$D$64+$D$70 -> 8800 | U39: =$E$64+$E$70 -> 9300 | V39: =V37+300 -> 13500 | W39: =W37+300 -> 14200 | X39: =X37+300 -> 32700 | Y39: =Y37+300 -> 35000 | Z39: =Z37+300 -> 27900 | AA39: =AA37+300 -> 19400
A40: Xingang | C40: CNTXG | D40: =D37 -> 8000 | E40: =E37 -> 8500 | F40: =F32+300 -> 11100 | G40: =G32+300 -> 11800 | H40: =H32+300 -> 25500 | I40: =I32+300 -> 27800 | J40: =J32+300 -> 21900 | K40: =K32+300 -> 15800 | L40: =L37 -> 8100 | M40: =M37 -> 8600 | N40: =N32+300 -> 11200 | O40: =O32+300 -> 11900 | P40: =P32+300 -> 25600 | Q40: =Q32+300 -> 27900 | R40: =R32+300 -> 22000 | S40: =S32+300 -> 15900 | T40: =$D$64+$D$70 -> 8800 | U40: =$E$64+$E$70 -> 9300 | V40: =V37+300 -> 13500 | W40: =W37+300 -> 14200 | X40: =X37+300 -> 32700 | Y40: =Y37+300 -> 35000 | Z40: =Z37+300 -> 27900 | AA40: =AA37+300 -> 19400
A41: Keelung | C41: TWKEL | D41: =$B$64+$B$70 -> 8000 | E41: =$C$64+$C$70 -> 8500 | F41: =$B$64+ ($B$68*2) -> 10800 | G41: =$C$64+($C$68*2) -> 11500 | H41: =$B$64+ ($B$68*10) -> 25200 | I41: =$C$64+($C$68*10) -> 27500 | J41: =$B$64+ ($B$68*8) -> 21600 | K41: =$C$64+($C$68*4) -> 15500 | L41: =($B$64+$B$70)+100 -> 8100 | M41: =($C$64+$C$70)+100 -> 8600 | N41: =($B$64+ ($B$68*2))+100 -> 10900 | O41: =($C$64+($C$68*2))+100 -> 11600 | P41: =($B$64+ ($B$68*10))+100 -> 25300 | Q41: =($C$64+($C$68*10))+100 -> 27600 | R41: =($B$64+ ($B$68*8))+100 -> 21700 | S41: =($C$64+($C$68*4))+100 -> 15600 | T41: =$D$64+$D$70 -> 8800 | U41: =$E$64+$E$70 -> 9300 | V41: =$D$64+ ($D$68*2) -> 13200 | W41: =$E$64+($E$68*2) -> 13900 | X41: =$D$64+ ($D$68*10) -> 32400 | Y41: =$E$64+($E$68*10) -> 34700 | Z41: =$D$64+ ($D$68*8) -> 27600 | AA41: =$E$64+($E$68*4) -> 19100
A42: Kaohsiung | C42: TWKHH | D42: =($B$64+$B$70)+200 -> 8200 | E42: =($C$64+$C$70)+200 -> 8700 | F42: =($B$64+ ($B$68*2))+200 -> 11000 | G42: =($C$64+($C$68*2))+200 -> 11700 | H42: =($B$64+ ($B$68*10))+200 -> 25400 | I42: =($C$64+($C$68*10))+200 -> 27700 | J42: =($B$64+ ($B$68*8))+200 -> 21800 | K42: =($C$64+($C$68*4))+200 -> 15700 | L42: =(($B$64+$B$70)+100)+200 -> 8300 | M42: =(($C$64+$C$70)+100)+200 -> 8800 | N42: =(($B$64+ ($B$68*2))+100)+200 -> 11100 | O42: =(($C$64+($C$68*2))+100)+200 -> 11800 | P42: =(($B$64+ ($B$68*10))+100)+200 -> 25500 | Q42: =(($C$64+($C$68*10))+100)+200 -> 27800 | R42: =(($B$64+ ($B$68*8))+100)+200 -> 21900 | S42: =(($C$64+($C$68*4))+100)+200 -> 15800 | T42: =$D$64+$D$70 -> 8800 | U42: =$E$64+$E$70 -> 9300 | V42: =$D$64+ ($D$68*2) -> 13200 | W42: =$E$64+($E$68*2) -> 13900 | X42: =$D$64+ ($D$68*10) -> 32400 | Y42: =$E$64+($E$68*10) -> 34700 | Z42: =$D$64+ ($D$68*8) -> 27600 | AA42: =$E$64+($E$68*4) -> 19100
A43: Jakarta | B43: KCI service only | C43: IDJKT | D43: =$D$46 -> 8800 | E43: =E46 -> 9800 | F43: =F46 -> 11900 | G43: =G46 -> 12800 | H43: =H46 -> 26300 | I43: =I46 -> 28800 | J43: =J46 -> 22700 | K43: =K46 -> 16800 | L43: =L46 -> 8900 | ... AA43: =AA46 -> 18950
A44: Surabaya | B44: KCI service only | C44: IDSUB | D44: =D46 -> 8800 | E44: =E46 -> 9800 | F44: =F46 -> 11900 | G44: =G46 -> 12800 | H44: =H46 -> 26300 | I44: =I46 -> 28800 | J44: =J46 -> 22700 | K44: =K46 -> 16800 | ... AA44: =AA46 -> 18950
A45: Nhava Sheva / Mundra | C45: INNSA, INMUN | D45: =$B$66+$B$71+$B$72 -> 8350 | E45: =$C$66+$C$70+$C$72 -> 9350 | F45: =$B$66+ ($B$69*2)+$B$72 -> 11450 | G45: =$C$66+($C$69*2)+$C$72 -> 12350 | H45: =$B$66+ ($B$69*10)+$B$72 -> 25850 | I45: =$C$66+($C$69*10)+$C$72 -> 28350 | J45: =$B$66+ ($B$69*8)+$B$72 -> 22250 | K45: =$C$66+($C$69*4)+$C$72 -> 16350 | L45: =($B$66+$B$71+$B$72)+100 -> 8450 | M45: =($C$66+$C$70+$C$72)+100 -> 9450 | N45: =($B$66+ ($B$69*2)+$B$72)+100 -> 11550 | O45: =($C$66+($C$69*2)+$C$72)+100 -> 12450 | P45: =($B$66+ ($B$69*10)+$B$72)+100 -> 25950 | Q45: =($C$66+($C$69*10)+$C$72)+100 -> 28450 | R45: =($B$66+ ($B$69*8)+$B$72)+100 -> 22350 | S45: =($C$66+($C$69*4)+$C$72)+100 -> 16450 | T45: =$D$66+$D$71+$D$72 -> 8550 | U45: =$E$66+$E$70+$E$72 -> 9150 | V45: =$D$66+ ($D$69*2)+$D$72 -> 12850 | W45: =$E$66+($E$69*2)+$E$72 -> 13750 | X45: =$D$66+ ($D$69*10)+$D$72 -> 32050 | Y45: =$E$66+($E$69*10)+$E$72 -> 34550 | Z45: =$D$66+ ($D$69*8)+$D$72 -> 27250 | AA45: =$E$66+($E$69*4)+$E$72 -> 18950
A46: Chennai | C46: INMAA | D46: =($B$66+$B$71+$B$72)+450 -> 8800 | E46: =($C$66+$C$70+$C$72)+450 -> 9800 | F46: =($B$66+ ($B$69*2)+$B$72)+450 -> 11900 | G46: =($C$66+($C$69*2)+$C$72)+450 -> 12800 | H46: =($B$66+ ($B$69*10)+$B$72)+450 -> 26300 | I46: =($C$66+($C$69*10)+$C$72)+450 -> 28800 | J46: =($B$66+ ($B$69*8)+$B$72)+450 -> 22700 | K46: =($C$66+($C$69*4)+$C$72)+450 -> 16800 | L46: =(($B$66+$B$71+$B$72)+100)+450 -> 8900 | M46: =(($C$66+$C$70+$C$72)+100)+450 -> 9900 | N46: =(($B$66+ ($B$69*2)+$B$72)+100)+450 -> 12000 | O46: =(($C$66+($C$69*2)+$C$72)+100)+450 -> 12900 | P46: =(($B$66+ ($B$69*10)+$B$72)+100)+450 -> 26400 | Q46: =(($C$66+($C$69*10)+$C$72)+100)+450 -> 28900 | R46: =(($B$66+ ($B$69*8)+$B$72)+100)+450 -> 22800 | S46: =(($C$66+($C$69*4)+$C$72)+100)+450 -> 16900 | T46: =$D$66+$D$71+$D$72 -> 8550 | U46: =$E$66+$E$70+$E$72 -> 9150 | V46: =$D$66+ ($D$69*2)+$D$72 -> 12850 | W46: =$E$66+($E$69*2)+$E$72 -> 13750 | X46: =$D$66+ ($D$69*10)+$D$72 -> 32050 | Y46: =$E$66+($E$69*10)+$E$72 -> 34550 | Z46: =$D$66+ ($D$69*8)+$D$72 -> 27250 | AA46: =$E$66+($E$69*4)+$E$72 -> 18950
A50: Rates are incl. BAF/HEA/BRS OR PSS/OBS/MBS/EFS, subject to LSF(ex. China) /CSS/THL/THD/Tariff Surcharges both ends
A52: Subject to space & equipment availability
A53: Subject to Dims/ Weight of Cargo as presented
A54: Subject to proper* load/block/brace to OT/FR at origin by shipper
A56: Both side end walls of Flat rack container must be in standing positio
A57: Subject to dunnage/lashing/chocking arrangement is fulfill the safety shipment
A58: For China OOG cargo (both import or export),DOUBLE THC will be charged
A59: If there is no nomination within 7 days of the time of offer, our rates will be null and void immediately
D62: WCCA
B63: 20' | C63: 40' | D63: 20' | E63: 40'
A64: BP | B64: ='China_TWN_SIN_HKG_KR Dry'!D11 -> 7200 | C64: ='China_TWN_SIN_HKG_KR Dry'!E11 -> 7500 | D64: ='China_TWN_SIN_HKG_KR Dry'!BI11 -> 8400 | E64: ='China_TWN_SIN_HKG_KR Dry'!BJ11 -> 8700
A65: KRPUS | B65: ='China_TWN_SIN_HKG_KR Dry'!D10 -> 7200 | C65: ='China_TWN_SIN_HKG_KR Dry'!E10 -> 7500 | D65: ='China_TWN_SIN_HKG_KR Dry'!BI10 -> 8400 | E65: ='China_TWN_SIN_HKG_KR Dry'!BJ10 -> 8700
A66: INNSA | B66: =ISC_LK_BD_AE_PK!C19 -> 7200 | C66: =ISC_LK_BD_AE_PK!D19 -> 7700 | D66: =ISC_LK_BD_AE_PK!BH19 -> 7400 | E66: =ISC_LK_BD_AE_PK!BJ19 -> 7900
A67: CM (PUS/MXZLO) | B67: 1800 | C67: 2000 | D67: 2400 | E67: 2600
A68: CM (SHA/MXZLO) | B68: 1800 | C68: 2000 | D68: 2400 | E68: 2600
A69: CM (NSA/MXZLO) | B69: 1800 | C69: 2000 | D69: 2400 | E69: 2600
A70: Inguage add on | B70: 800 | C70: 1000 | D70: 400 | E70: 600
A71: India inguage | B71: 500 | C71: 600 | D71: 500 | E71: 600
A72: India T/s | B72: 650 | C72: 650 | D72: 650 | E72: 650
A74: MRG rates given is basing on customer's given dimension after packing and slashing
A75: 40FR OWOH - 10 TEUS slot kill + 2 TEUS utilise
A76: 20FR OWOH - 10 TEUS slot kill +1 TEUS utilise
A77: 20FR OW - 8 TEUS slot kill + 1 TEUS utilise
A78: 40FR OW - 4 TEUS slot kill +2 TEUS utilise
A80: 20OH/OT - 2 TEUS slot kill + 1 TEUS utilise
A81: 40OH/OT - 2 TEUS slot kill + 2 TEUS utilise
A84: In the event the OOG cargo is sent to terminal and VO found that customer is not giving the correct dimension or due to stowage issue , more slot kill is to be utilise , the OOG rates will change accordingly to VO's calculation of slot kill

Sheet Free Time
C3: Free days for FAK Dry, non-DG cargo
C4: POD | D4: Free line detention combine (port storage and demurrage under cnee own negotiation with terminal) | E4: Validty
C5: Chile | D5: 21 | E5: 1 July 2026 to 30 Sept 2026
C6: Peru | D6: 21 | E6: 1 July 2026 to 30 Sept 2026
C7: Mexico | D7: 21 | E7: 1 July 2026 to 30 Sept 2026
C8: Colombia | D8: 20 | E8: 1 July 2026 to 30 Sept 2026
C9: Ecuador | D9: 18 | E9: 1 July 2026 to 30 Sept 2026
C10: Guatemala | D10: 17 | E10: 1 July 2026 to 30 Sept 2026
C11: Nicaragua | D11: 16 | E11: 1 July 2026 to 30 Sept 2026
C12: Costa Rica | D12: 16 | E12: 1 July 2026 to 30 Sept 2026
C13: El Salvador | D13: 16 | E13: 1 July 2026 to 30 Sept 2026
C14: Hondura | D14: 16 | E14: 1 July 2026 to 30 Sept 2026
C15: Panama | D15: 12 | E15: 1 July 2026 to 30 Sept 2026
C18: Free days for NOR, non-DG cargo
C19: POD | D19: Free line detention combine (port storage and demurrage under cnee own negotiation with terminal) | E19: Validty
C20: Chile | D20: 14 | E20: 1 July 2026 to 30 Sept 2026
C21: Peru | D21: 14 | E21: 1 July 2026 to 30 Sept 2026
C22: Mexico | D22: 14 | E22: 1 July 2026 to 30 Sept 2026
C23: Colombia | D23: 14 | E23: 1 July 2026 to 30 Sept 2026
C24: Ecuador | D24: 14 | E24: 1 July 2026 to 30 Sept 2026
C25: Guatemala | D25: 14 | E25: 1 July 2026 to 30 Sept 2026
C26: Nicaragua | D26: 14 | E26: 1 July 2026 to 30 Sept 2026
C27: Costa Rica | D27: 14 | E27: 1 July 2026 to 30 Sept 2026
C28: El Salvador | D28: 14 | E28: 1 July 2026 to 30 Sept 2026
C29: Hondura | D29: 14 | E29: 1 July 2026 to 30 Sept 2026
C30: Panama | D30: 14 | E30: 1 July 2026 to 30 Sept 2026
