Workbook

Sheet ex NEA to AUBNE_AUMEL
A1: ONE AU Minimum Rate Guideline - For Tier 1 Customers
I3: ISSUE DATE: | J3: 46258
A4: Validity: | B4: 01 Sept to 14 Sept 2026 | D4: POD: Melbourne/Brisbane | G4: POD: Melbourne/Brisbane | I4: POD: Melbourne/Brisbane
B5: POL | C5: Service (for reference only, no need to file in rate filing) | D5: 20' | E5: 40' | F5: 40'HC | G5: 20'RF | H5: 40'HC RF | I5: 20'RAD | J5: 40'HC RAD | L5: Add-on Table
D6: USD | E6: USD | F6: USD | G6: USD | H6: USD | I6: USD | J6: USD
A7: North & Central China | B7: Qingdao | C7: AUN / AUE | D7: 2400 | E7: 4800 | F7: =E7 -> 4800 | G7: =D7+100 -> 2500 | H7: =F7+200 -> 5000 | I7: 1750 | J7: 3500
B8: Shanghai | C8: AUN / AUE / AUX | D8: =D7 -> 2400 | E8: =D8*2 -> 4800 | F8: =E8 -> 4800 | G8: =D8+100 -> 2500 | H8: =F8+200 -> 5000 | I8: =I7 -> 1750 | J8: =J7 -> 3500
B9: Ningbo | C9: AUN / AUE | D9: =D7 -> 2400 | E9: =D9*2 -> 4800 | F9: =E9 -> 4800 | G9: =D9+100 -> 2500 | H9: =F9+200 -> 5000 | I9: =I7 -> 1750 | J9: =J7 -> 3500
B10: Xingang | C10: AUN / AUE | D10: =D7+L10 -> 2600 | E10: =E7+M10 -> 5100 | F10: =F7+N10 -> 5100 | G10: =D10+100 -> 2700 | H10: =F10+200 -> 5300 | I10: =I7+L10 -> 1950 | J10: =J7+N10 -> 3800 | L10: 200 | M10: 300 | N10: 300 | P10: on top of Qingdao
B11: Dalian | C11: AUN / AUE | D11: =D7+L11 -> 2600 | E11: =E7+M11 -> 5100 | F11: =F7+N11 -> 5100 | L11: 200 | M11: 300 | N11: 300 | P11: on top of Qingdao
B12: Changsha | C12: AUN / AUE / AUX | D12: =$D$8+L12 -> 2800 | E12: =$E$8+M12 -> 5500 | F12: =E12 -> 5500 | L12: 400 | M12: 700 | N12: 700 | P12: on top of Shanghai
B13: Changshu | C13: AUN / AUE / AUX | D13: =$D$8+L13 -> 2600 | E13: =$E$8+M13 -> 5100 | F13: =E13 -> 5100 | L13: 200 | M13: 300 | N13: 300 | P13: on top of Shanghai
B14: Changzhou | C14: AUN / AUE / AUX | D14: =$D$8+L14 -> 2650 | E14: =$E$8+M14 -> 5200 | F14: =E14 -> 5200 | L14: 250 | M14: 400 | N14: 400 | P14: on top of Shanghai
B15: Chengdu | C15: AUN / AUE / AUX | D15: =$D$8+L15 -> 3600 | E15: =$E$8+M15 -> 6700 | F15: =E15 -> 6700 | L15: 1200 | M15: 1900 | N15: 1900 | P15: on top of Shanghai
B16: Chengdu (via CNYTN by rail) | C16: AUN / AUE | E16: =E44+M16 -> 5850 | F16: =E16 -> 5850 | M16: 1050 | N16: 1050 | P16: on top of Yantian
B17: Chongqing (via CNSHA) | C17: AUN / AUE / AUX | D17: =$D$8+L17 -> 2750 | E17: =$E$8+M17 -> 5700 | F17: =E17 -> 5700 | L17: 350 | M17: 900 | N17: 900 | P17: on top of Shanghai
B18: Chongqing (via CNYTN by rail) | C18: AUN / AUE | D18: =D44+1000 -> 3400 | E18: =E44+950 -> 5750 | F18: =E18 -> 5750
B19: Guiyang (via CNYTN by rail) | C19: AUN / AUE | D19: =D44+900 -> 3300 | E19: =E44+1000 -> 5800 | F19: =E19 -> 5800
B20: Jiangyin | C20: AUN / AUE / AUX | D20: =$D$8+L20 -> 2600 | E20: =$E$8+M20 -> 5100 | F20: =E20 -> 5100 | L20: 200 | M20: 300 | N20: 300 | P20: on top of Shanghai
B21: Jiujiang (CNJIU) | C21: AUN / AUE / AUX | D21: =$D$8+L21 -> 2750 | E21: =$E$8+M21 -> 5350 | F21: =E21 -> 5350 | L21: 350 | M21: 550 | N21: 550 | P21: on top of Shanghai
B22: Lianyungang | C22: AUN / AUE / AUX | D22: =D7+100 -> 2500 | E22: =E7+150 -> 4950 | F22: =F7+150 -> 4950 | L22: 200 | M22: 350 | N22: 350 | P22: on top of Qingdao
B23: Nanchang (via CNSHA) | C23: AUN / AUE / AUX | D23: =$D$8+L23 -> 2785 | E23: =$E$8+M23 -> 5450 | F23: =E23 -> 5450 | L23: 385 | M23: 650 | N23: 650 | P23: on top of Shanghai
B24: Nanchang (via CNYTN by rail) | C24: AUN / AUE | D24: =D44+645 -> 3045 | E24: =E44+825 -> 5625 | F24: =F44+825 -> 5625
B25: Nanjing | C25: AUN / AUE / AUX | D25: =D7+L25 -> 2650 | E25: =E7+M25 -> 5200 | F25: =F7+N25 -> 5200 | L25: 250 | M25: 400 | N25: 400 | P25: on top of Shanghai
B26: Nantong | C26: AUN / AUE / AUX | D26: =$D$8+L26 -> 2650 | E26: =$E$8+M26 -> 5200 | F26: =E26 -> 5200 | L26: 250 | M26: 400 | N26: 400 | P26: on top of Shanghai
B27: Shidao | C27: AUN / AUE | D27: =$D$7+L27 -> 2600 | E27: =$E$7+M27 -> 5100 | F27: =E27 -> 5100 | L27: 200 | M27: 300 | N27: 300 | P27: on top of Qingdao
B28: Taicang | C28: AUN / AUE / AUX | D28: =$D$8+L28 -> 2600 | E28: =$E$8+M28 -> 5100 | F28: =E28 -> 5100 | L28: 200 | M28: 300 | N28: 300 | P28: on top of Shanghai
B29: Taizhou, Jiangsu | C29: AUN / AUE / AUX | D29: =$D$8+L29 -> 2650 | E29: =$E$8+M29 -> 5200 | F29: =E29 -> 5200 | L29: 250 | M29: 400 | N29: 400 | P29: on top of Shanghai
B30: Wenzhou | C30: AUN / AUE | D30: =$D$9+L30 -> 2600 | E30: =$E$9+M30 -> 5100 | F30: =E30 -> 5100 | L30: 200 | M30: 300 | N30: 300 | P30: on top of Ningbo
B31: Wuhan | C31: AUN / AUE / AUX | D31: =$D$8+L31 -> 2700 | E31: =$E$8+M31 -> 5375 | F31: =E31 -> 5375 | L31: 300 | M31: 575 | N31: 575 | P31: on top of Shanghai
B32: Wuhu | C32: AUN / AUE / AUX | D32: =$D$8+L32 -> 2700 | E32: =$E$8+M32 -> 5175 | F32: =E32 -> 5175 | L32: 300 | M32: 375 | N32: 375 | P32: on top of Shanghai
B33: Yangzhou | C33: AUN / AUE / AUX | D33: =$D$8+L33 -> 2675 | E33: =$E$8+M33 -> 5175 | F33: =E33 -> 5175 | L33: 275 | M33: 375 | N33: 375 | P33: on top of Shanghai
B34: Yantai | C34: AUN / AUE | D34: =$D$7+L34 -> 2600 | E34: =$E$7+M34 -> 5100 | F34: =E34 -> 5100 | L34: 200 | M34: 300 | N34: 300 | P34: on top of Qingdao
B35: Yueyang | C35: AUN / AUE / AUX | D35: =$D$8+L35 -> 2675 | E35: =$E$8+M35 -> 5475 | F35: =E35 -> 5475 | L35: 275 | M35: 675 | N35: 675 | P35: on top of Shanghai
B36: Zhangjiagang | C36: AUN / AUE / AUX | D36: =$D$8+L36 -> 2675 | E36: =$E$8+M36 -> 5175 | F36: =E36 -> 5175 | L36: 275 | M36: 375 | N36: 375 | P36: on top of Shanghai
B37: Zhenjiang | C37: AUN / AUE / AUX | D37: =$D$8+L37 -> 2650 | E37: =$E$8+M37 -> 5150 | F37: =E37 -> 5150 | L37: 250 | M37: 350 | N37: 350 | P37: on top of Shanghai
B38: Zhapu | C38: AUN / AUE | D38: =$D$9+L38 -> 2475 | E38: =$E$9+M38 -> 4925 | F38: =E38 -> 4925 | L38: 75 | M38: 125 | N38: 125 | P38: on top of Ningbo
A39: Fujian | B39: Xiamen | C39: AUN / AUE | D39: =D44+L39 -> 2550 | E39: =E44+200 -> 5000 | F39: =E39 -> 5000 | G39: =D39+100 -> 2650 | H39: =F39+200 -> 5200 | I39: =I44+L39 -> 1900 | J39: =J44+N39 -> 3700 | L39: 150 | M39: 200 | N39: 200
B40: Fuqing | C40: AUN / AUE | D40: =$D$39+L40 -> 2650 | E40: =$E$39+M40 -> 5200 | F40: =E40 -> 5200 | L40: 100 | M40: 200 | N40: 200
B41: Fuzhou | C41: AUN / AUE | D41: =$D$39+L41 -> 2800 | E41: =$E$39+M41 -> 5500 | F41: =E41 -> 5500 | L41: 250 | M41: 500 | N41: 500
B42: Mawei | C42: AUN / AUE | D42: =$D$39+L42 -> 2800 | E42: =$E$39+M42 -> 5500 | F42: =E42 -> 5500 | L42: 250 | M42: 500 | N42: 500
A43: South China | B43: Hong Kong | C43: AUN | D43: =D7 -> 2400 | E43: =D43*2 -> 4800 | F43: =E43 -> 4800 | G43: =D43+100 -> 2500 | H43: =F43+200 -> 5000 | I43: =I7 -> 1750 | J43: =J7 -> 3500
B44: Yantian | C44: AUN / AUE | D44: =D7 -> 2400 | E44: =D44*2 -> 4800 | F44: =E44 -> 4800 | G44: =D44+100 -> 2500 | H44: =F44+200 -> 5000 | I44: =I7 -> 1750 | J44: =J7 -> 3500
B45: Ganzhou (CNGAN) | C45: AUN | D45: =D44+460 -> 2860 | E45: =E44+600 -> 5400 | F45: =F44+600 -> 5400
B46: Zhuzhou (CNZUU) | C46: AUN | D46: =D44+500 -> 2900 | E46: =E44+650 -> 5450 | F46: =F44+650 -> 5450
B47: Huangpu | C47: AUN | D47: =D43+L47 -> 2500 | E47: =E43+M47 -> 5000 | F47: =F43+N47 -> 5000 | L47: 100 | M47: 200 | N47: 200 | P47: on top of Hong Kong
B48: PRDA* | C48: AUN | D48: =D43+L48 -> 2600 | E48: =E43+M48 -> 5100 | F48: =F43+N48 -> 5100 | L48: 200 | M48: 300 | N48: 300 | P48: on top of Hong Kong
B49: PRDB* | C49: AUN | D49: =$D$43+L49 -> 2700 | E49: =$E$43+M49 -> 5300 | F49: =E49 -> 5300 | L49: 300 | M49: 500 | N49: 500 | P49: on top of Hong Kong
A50: Korea | B50: Busan | C50: AUN / AUE | D50: 2300 | E50: 4600 | F50: =E50 -> 4600 | G50: =D50+100 -> 2400 | H50: =F50+200 -> 4800 | I50: 1650 | J50: 3300
A51: Taiwan (include ISL) | B51: Kaohsiung | C51: AUN | D51: 2400 | E51: 4800 | F51: =E51 -> 4800 | G51: =D51+100 -> 2500 | H51: =F51+200 -> 5000 | I51: 1750 | J51: =I51*2 -> 3500
B52: Keelung (Direct only) | C52: AUN | D52: =D51 -> 2400 | E52: =E51 -> 4800 | F52: =F51 -> 4800 | G52: =D52+100 -> 2500 | H52: =F52+200 -> 5000 | I52: =I51 -> 1750 | J52: =J51 -> 3500 | P52: on top of Kaohsiung
B53: Taichung | C53: AUN | D53: =$D$51+L53 -> 2600 | E53: =$E$51+M53 -> 5050 | F53: =E53 -> 5050 | G53: =D53+100 -> 2700 | H53: =F53+200 -> 5250 | L53: 200 | M53: 250 | N53: 250 | P53: on top of Kaohsiung
B54: Taoyuan | C54: AUN | D54: =$D$51+L54 -> 2600 | E54: =$E$51+M54 -> 5050 | F54: =E54 -> 5050 | G54: =D54+100 -> 2700 | H54: =F54+200 -> 5250 | L54: 200 | M54: 250 | N54: 250 | P54: on top of Kaohsiung
A56: PRDA: | B56: Beijiao, Gaoming, Gongyi, Guangzhou, Huadu, Jiangmen, Leliu, Lian Hua Shan, Liudu, Longhua, Nansha, Rongqi, Sanshan, Sanshui, Shantou, Xiaolan, Xinhui, Zhongshan, Zhuhai
A57: PRDB: | B57: Beihai, Dongguan, Doumen, Fangcheng, Gaolan, Haikou (Hainan), Heshan, Jiujiang (CNJJG), Nangang, Nanhai, Qingyuan, Qinzhou, Sanbu, Kaiping, Sihui (Mafang), Wuzhou, Yunfu, Zhanjiang, Zhaoqing
A59: Surcharges
D60: 20' | E60: 40' | F60: 40'HC | G60: 20'RF | H60: 40'HC RF | I60: 20'RAD | J60: 40'HC RAD
A61: OBS | B61: ONE Bunker Surcharge | D61: USD301 | E61: USD602 | F61: USD602 | G61: USD403 | H61: USD806 | I61: USD301 | J61: USD602
A62: OBS | B62: ONE Bunker Surcharge | D62: included | E62: included | F62: included | G62: included | H62: included | I62: included | J62: included
A63: LSF (ex CN & HK only) | B63: Low Sulphur Fuel Surcharge | D63: ONE Tariff | E63: ONE Tariff | F63: ONE Tariff | G63: ONE Tariff | H63: ONE Tariff | I63: ONE Tariff | J63: ONE Tariff
A64: LSF (ex TW only) | B64: Low Sulphur Fuel Surcharge | D64: ONE Tariff | E64: ONE Tariff | F64: ONE Tariff | G64: ONE Tariff | H64: ONE Tariff | I64: ONE Tariff | J64: ONE Tariff
A65: THD | B65: Terminal Handling Destination | D65: ONE Tariff | E65: ONE Tariff | F65: ONE Tariff | G65: ONE Tariff | H65: ONE Tariff | I65: ONE Tariff | J65: ONE Tariff
A66: THL | B66: Terminal Handling Origin | D66: ONE Tariff | E66: ONE Tariff | F66: ONE Tariff | G66: ONE Tariff | H66: ONE Tariff | I66: ONE Tariff | J66: ONE Tariff
A67: LND | B67: Landside Charge | D67: ONE Tariff | E67: ONE Tariff | F67: ONE Tariff | G67: ONE Tariff | H67: ONE Tariff | I67: ONE Tariff | J67: ONE Tariff
A68: DOF | B68: Document Fee (Destination) | D68: ONE Tariff | E68: ONE Tariff | F68: ONE Tariff | G68: ONE Tariff | H68: ONE Tariff | I68: ONE Tariff | J68: ONE Tariff
A69: DOC | B69: Document Fee (Origin) | D69: ONE Tariff | E69: ONE Tariff | F69: ONE Tariff | G69: ONE Tariff | H69: ONE Tariff | I69: ONE Tariff | J69: ONE Tariff
A70: ISL | B70: International Security Fee at Local | D70: ONE Tariff | E70: ONE Tariff | F70: ONE Tariff | G70: ONE Tariff | H70: ONE Tariff | I70: ONE Tariff | J70: ONE Tariff
A72: Remarks:
A73: Rate incl OBS, EFS (ex KR & HK), PSS, subject to ISL/THL/THD/LND/DOC/DOF and local charges both ends
A74: Ex TW only: Rate incl OBS/ISL, PSS, subject to THL/THD/LND/DOC/DOF and all applicable surcharges as per ONE tariff
A75: For dry non-DG cargo only (*not accepting DG in Reefer)
A76: Flexi-tank add-on: USD100/TEU
A77: All Surcharges / Add-on above are subjected to change with our without notice
A78: Rate subject to any local charges both ends
A79: Booking acceptance subject to space , equipment availability, and ship planners acceptance
A80: Any other Pearl River Delta / Yangzhi River Delta
A83: HAZ Surcharges Table - w.e.f. 01 Apri 2025
A84: Direct loading shipment: HAZ add-on
A85: Via SIN shipment: HAZ add-on + PSA add-on
A87: HAZ | B87: DG Class | C87: D20 | D87: D40 | E87: 40HC | F87: Remarks
A88: For All DG cargoes Direct load and via Singapore | B88: CLASS 1 | C88: Do not accept
B89: CLASS 2.1/2.2/2.3 | C89: USD 300 | D89: USD 600 | E89: USD 600
B90: CLASS 3 | C90: USD 150 | D90: USD 300 | E90: USD 300
B91: CLASS 4 | C91: USD 150 | D91: USD 300 | E91: USD 300
B92: CLASS 5 | C92: USD 300 | D92: USD 600 | E92: USD 600
B93: CLASS 6 | C93: USD 150 | D93: USD 300 | E93: USD 300
B94: CLASS 7 | C94: Do not accept
B95: CLASS 8 | C95: USD 150 | D95: USD 300 | E95: USD 300
B96: CLASS 9 | C96: USD 150 | D96: USD 300 | E96: USD 300
A97: ** All HAZ shipment is subject to DG desk approval & vessel operator's acceptance.
A99: PSA Add-on | B99: PSA Group | C99: D20 | D99: D40 | E99: 40HC | F99: Remarks
A100: An addon applicable for Singapore transhipment | B100: PSA group 1/1D/2 | C100: USD 538 | D100: USD 753 | E100: USD 753
B101: PSA group 2S/2B/2F | C101: USD 269 | D101: USD 538 | E101: USD 538
B102: PSA group 1S/2A | C102: USD 430 | D102: USD 591 | E102: USD 591
B103: PSA group 3 | C103: USD 0 | D103: USD 0 | E103: USD 0
A104: ** All HAZ shipment is subject to DG desk approval & vessel operator's acceptance.
A106: Plesae always refer to BACS for the latest SOP.
A108: Pharmaceutical Addon | I108: VALID fm 01 Oct 2025 to end Mar 2027
A110: PREMIUM Add-on | C110: New | F110: PREMIUM
A111: CARGO VALUE | C111: ONE TARIFF (per unit) | F111: CARGO VALUE | H111: ONE ADD-ON
...

Sheet ex NEA to AUSYD
A1: ONE AU Minimum Rate Guideline - For Tier 1 Customers
I3: ISSUE DATE: | J3: ='ex NEA to AUBNE_AUMEL'!J3 -> 46258
A4: Validity: | B4: ='ex NEA to AUBNE_AUMEL'!B4 -> 01 Sept to 14 Sept 2026 | D4: POD: Sydney | G4: POD: Sydney | I4: POD: Sydney
B5: POL | C5: Service (for reference only, no need to file in rate filing) | D5: 20' | E5: 40' | F5: 40'HC | G5: 20'RF | H5: 40'HC RF | I5: 20'RAD | J5: 40'HC RAD | L5: Add-on Table
D6: USD | E6: USD | F6: USD | G6: USD | H6: USD | I6: USD | J6: USD
A7: North & Central China | B7: Qingdao | C7: AUN / AUE | D7: ='ex NEA to AUBNE_AUMEL'!D7 -> 2400 | E7: ='ex NEA to AUBNE_AUMEL'!E7 -> 4800 | F7: =E7 -> 4800 | G7: =D7+150 -> 2550 | H7: =E7+300 -> 5100 | I7: ='ex NEA to AUBNE_AUMEL'!I7+50 -> 1800 | J7: ='ex NEA to AUBNE_AUMEL'!J7+100 -> 3600
B8: Shanghai | C8: AUN / AUE / AUX | D8: =D7 -> 2400 | E8: ='ex NEA to AUBNE_AUMEL'!E8 -> 4800 | F8: =E8 -> 4800 | G8: =G7 -> 2550 | H8: =E8+300 -> 5100 | I8: ='ex NEA to AUBNE_AUMEL'!I8+50 -> 1800 | J8: ='ex NEA to AUBNE_AUMEL'!J8+100 -> 3600
B9: Ningbo | C9: AUN / AUE | D9: =D7 -> 2400 | E9: ='ex NEA to AUBNE_AUMEL'!E9 -> 4800 | F9: =E9 -> 4800 | G9: =G7 -> 2550 | H9: =E9+300 -> 5100 | I9: ='ex NEA to AUBNE_AUMEL'!I9+50 -> 1800 | J9: ='ex NEA to AUBNE_AUMEL'!J9+100 -> 3600
B10: Xingang | C10: AUN / AUE | D10: =D7+L10 -> 2600 | E10: =E7+M10 -> 5100 | F10: =F7+N10 -> 5100 | G10: =D10+150 -> 2750 | H10: =E10+300 -> 5400 | I10: ='ex NEA to AUBNE_AUMEL'!I10+50 -> 2000 | J10: ='ex NEA to AUBNE_AUMEL'!J10+100 -> 3900 | L10: 200 | M10: 300 | N10: 300 | P10: on top of Qingdao
B11: Dalian | C11: AUN / AUE | D11: =D7+L11 -> 2600 | E11: =E7+M11 -> 5100 | F11: =F7+N11 -> 5100 | L11: 200 | M11: 300 | N11: 300 | P11: on top of Qingdao
B12: Changsha | C12: AUN / AUE / AUX | D12: =$D$8+L12 -> 2800 | E12: =$E$8+M12 -> 5500 | F12: =E12 -> 5500 | L12: 400 | M12: 700 | N12: 700 | P12: on top of Shanghai
B13: Changshu | C13: AUN / AUE / AUX | D13: =$D$8+L13 -> 2600 | E13: =$E$8+M13 -> 5100 | F13: =E13 -> 5100 | L13: 200 | M13: 300 | N13: 300 | P13: on top of Shanghai
B14: Changzhou | C14: AUN / AUE / AUX | D14: =$D$8+L14 -> 2650 | E14: =$E$8+M14 -> 5200 | F14: =E14 -> 5200 | L14: 250 | M14: 400 | N14: 400 | P14: on top of Shanghai
B15: Chengdu | C15: AUN / AUE / AUX | D15: =$D$8+L15 -> 3600 | E15: =$E$8+M15 -> 6700 | F15: =E15 -> 6700 | L15: 1200 | M15: 1900 | N15: 1900 | P15: on top of Shanghai
B16: Chengdu (via CNYTN by rail) | C16: AUN / AUE | E16: =E44+M16 -> 5850 | F16: =E16 -> 5850 | M16: 1050 | N16: 1050
B17: Chongqing (via CNSHA) | C17: AUN / AUE / AUX | D17: =$D$8+L17 -> 2750 | E17: =$E$8+M17 -> 5700 | F17: =E17 -> 5700 | L17: 350 | M17: 900 | N17: 900 | P17: on top of Shanghai
B18: Chongqing (via CNYTN by rail) | C18: AUN / AUE | D18: =D44+1000 -> 3400 | E18: =E44+950 -> 5750 | F18: =E18 -> 5750
B19: Guiyang (via CNYTN by rail) | C19: AUN / AUE | D19: =D44+900 -> 3300 | E19: =E44+1000 -> 5800 | F19: =E19 -> 5800
B20: Jiangyin | C20: AUN / AUE / AUX | D20: =$D$8+L20 -> 2600 | E20: =$E$8+M20 -> 5100 | F20: =E20 -> 5100 | L20: 200 | M20: 300 | N20: 300 | P20: on top of Shanghai
B21: Jiujiang (CNJIU) | C21: AUN / AUE / AUX | D21: =$D$8+L21 -> 2750 | E21: =$E$8+M21 -> 5350 | F21: =E21 -> 5350 | L21: 350 | M21: 550 | N21: 550 | P21: on top of Shanghai
B22: Lianyungang | C22: AUN / AUE / AUX | D22: =D7+100 -> 2500 | E22: =E7+150 -> 4950 | F22: =F7+150 -> 4950 | L22: 200 | M22: 350 | N22: 350 | P22: on top of Qingdao
B23: Nanchang (via CNSHA) | C23: AUN / AUE / AUX | D23: =$D$8+L23 -> 2785 | E23: =$E$8+M23 -> 5450 | F23: =E23 -> 5450 | L23: 385 | M23: 650 | N23: 650 | P23: on top of Shanghai
B24: Nanchang (via CNYTN by rail) | C24: AUN / AUE | D24: =D44+645 -> 3045 | E24: =E44+825 -> 5625 | F24: =F44+825 -> 5625
B25: Nanjing | C25: AUN / AUE / AUX | D25: =D7+L25 -> 2650 | E25: =E7+M25 -> 5200 | F25: =F7+N25 -> 5200 | L25: 250 | M25: 400 | N25: 400 | P25: on top of Shanghai
B26: Nantong | C26: AUN / AUE / AUX | D26: =$D$8+L26 -> 2650 | E26: =$E$8+M26 -> 5200 | F26: =E26 -> 5200 | L26: 250 | M26: 400 | N26: 400 | P26: on top of Shanghai
B27: Shidao | C27: AUN / AUE | D27: =$D$7+L27 -> 2600 | E27: =$E$7+M27 -> 5100 | F27: =E27 -> 5100 | L27: 200 | M27: 300 | N27: 300 | P27: on top of Qingdao
B28: Taicang | C28: AUN / AUE / AUX | D28: =$D$8+L28 -> 2600 | E28: =$E$8+M28 -> 5100 | F28: =E28 -> 5100 | L28: 200 | M28: 300 | N28: 300 | P28: on top of Shanghai
B29: Taizhou, Jiangsu | C29: AUN / AUE / AUX | D29: =$D$8+L29 -> 2650 | E29: =$E$8+M29 -> 5200 | F29: =E29 -> 5200 | L29: 250 | M29: 400 | N29: 400 | P29: on top of Shanghai
B30: Wenzhou | C30: AUN / AUE | D30: =$D$9+L30 -> 2600 | E30: =$E$9+M30 -> 5100 | F30: =E30 -> 5100 | L30: 200 | M30: 300 | N30: 300 | P30: on top of Ningbo
B31: Wuhan | C31: AUN / AUE / AUX | D31: =$D$8+L31 -> 2700 | E31: =$E$8+M31 -> 5375 | F31: =E31 -> 5375 | L31: 300 | M31: 575 | N31: 575 | P31: on top of Shanghai
B32: Wuhu | C32: AUN / AUE / AUX | D32: =$D$8+L32 -> 2700 | E32: =$E$8+M32 -> 5175 | F32: =E32 -> 5175 | L32: 300 | M32: 375 | N32: 375 | P32: on top of Shanghai
B33: Yangzhou | C33: AUN / AUE / AUX | D33: =$D$8+L33 -> 2675 | E33: =$E$8+M33 -> 5175 | F33: =E33 -> 5175 | L33: 275 | M33: 375 | N33: 375 | P33: on top of Shanghai
B34: Yantai | C34: AUN / AUE | D34: =$D$7+L34 -> 2600 | E34: =$E$7+M34 -> 5100 | F34: =E34 -> 5100 | L34: 200 | M34: 300 | N34: 300 | P34: on top of Qingdao
B35: Yueyang | C35: AUN / AUE / AUX | D35: =$D$8+L35 -> 2675 | E35: =$E$8+M35 -> 5475 | F35: =E35 -> 5475 | L35: 275 | M35: 675 | N35: 675 | P35: on top of Shanghai
B36: Zhangjiagang | C36: AUN / AUE / AUX | D36: =$D$8+L36 -> 2675 | E36: =$E$8+M36 -> 5175 | F36: =E36 -> 5175 | L36: 275 | M36: 375 | N36: 375 | P36: on top of Shanghai
B37: Zhenjiang | C37: AUN / AUE / AUX | D37: =$D$8+L37 -> 2650 | E37: =$E$8+M37 -> 5150 | F37: =E37 -> 5150 | L37: 250 | M37: 350 | N37: 350 | P37: on top of Shanghai
B38: Zhapu | C38: AUN / AUE | D38: =$D$9+L38 -> 2475 | E38: =$E$9+M38 -> 4925 | F38: =E38 -> 4925 | L38: 75 | M38: 125 | N38: 125 | P38: on top of Ningbo
A39: Fujian | B39: Xiamen | C39: AUN / AUE | D39: ='ex NEA to AUBNE_AUMEL'!D39 -> 2550 | E39: ='ex NEA to AUBNE_AUMEL'!E39 -> 5000 | F39: =E39 -> 5000 | G39: =D39+150 -> 2700 | H39: =E39+300 -> 5300 | I39: ='ex NEA to AUBNE_AUMEL'!I39+50 -> 1950 | J39: ='ex NEA to AUBNE_AUMEL'!J39+100 -> 3800 | L39: 150 | M39: 200 | N39: 200
B40: Fuqing | C40: AUN / AUE | D40: =$D$39+L40 -> 2650 | E40: =$E$39+M40 -> 5200 | F40: =E40 -> 5200 | L40: 100 | M40: 200 | N40: 200
B41: Fuzhou | C41: AUN / AUE | D41: =$D$39+L41 -> 2800 | E41: =$E$39+M41 -> 5500 | F41: =E41 -> 5500 | L41: 250 | M41: 500 | N41: 500
B42: Mawei | C42: AUN / AUE | D42: =$D$39+L42 -> 2800 | E42: =$E$39+M42 -> 5500 | F42: =E42 -> 5500 | L42: 250 | M42: 500 | N42: 500
A43: South China | B43: Hong Kong | C43: AUN | D43: ='ex NEA to AUBNE_AUMEL'!D43 -> 2400 | E43: ='ex NEA to AUBNE_AUMEL'!E43 -> 4800 | F43: =E43 -> 4800 | G43: =D43+150 -> 2550 | H43: =E43+300 -> 5100 | I43: ='ex NEA to AUBNE_AUMEL'!I43+50 -> 1800 | J43: ='ex NEA to AUBNE_AUMEL'!J43+100 -> 3600
B44: Yantian | C44: AUN / AUE | D44: ='ex NEA to AUBNE_AUMEL'!D44 -> 2400 | E44: ='ex NEA to AUBNE_AUMEL'!E44 -> 4800 | F44: =E44 -> 4800 | G44: =D44+150 -> 2550 | H44: =E44+300 -> 5100 | I44: ='ex NEA to AUBNE_AUMEL'!I44+50 -> 1800 | J44: ='ex NEA to AUBNE_AUMEL'!J44+100 -> 3600
B45: Ganzhou (CNGAN) | C45: AUN | D45: =D44+460 -> 2860 | E45: =E44+600 -> 5400 | F45: =F44+600 -> 5400
B46: Zhuzhou (CNZUU) | C46: AUN | D46: =D44+500 -> 2900 | E46: =E44+650 -> 5450 | F46: =F44+650 -> 5450
B47: Huangpu | C47: AUN | D47: =D43+L47 -> 2500 | E47: =E43+M47 -> 5000 | F47: =F43+N47 -> 5000 | L47: 100 | M47: 200 | N47: 200 | P47: on top of Hong Kong
B48: PRDA* | C48: AUN | D48: =D43+L48 -> 2600 | E48: =E43+M48 -> 5100 | F48: =F43+N48 -> 5100 | L48: 200 | M48: 300 | N48: 300 | P48: on top of Hong Kong
B49: PRDB* | C49: AUN | D49: =$D$43+L49 -> 2700 | E49: =$E$43+M49 -> 5300 | F49: =E49 -> 5300 | L49: 300 | M49: 500 | N49: 500 | P49: on top of Hong Kong
A50: Korea | B50: Busan | C50: AUN / AUE | D50: ='ex NEA to AUBNE_AUMEL'!D50 -> 2300 | E50: ='ex NEA to AUBNE_AUMEL'!E50 -> 4600 | F50: =E50 -> 4600 | G50: =D50+150 -> 2450 | H50: =E50+300 -> 4900 | I50: ='ex NEA to AUBNE_AUMEL'!I50+50 -> 1700 | J50: ='ex NEA to AUBNE_AUMEL'!J50+100 -> 3400
A51: Taiwan (include ISL) | B51: Kaohsiung | C51: ='ex NEA to AUBNE_AUMEL'!C51 -> AUN | D51: ='ex NEA to AUBNE_AUMEL'!D51 -> 2400 | E51: ='ex NEA to AUBNE_AUMEL'!E51 -> 4800 | F51: =E51 -> 4800 | G51: =D51+150 -> 2550 | H51: =E51+300 -> 5100 | I51: ='ex NEA to AUBNE_AUMEL'!I51+50 -> 1800 | J51: ='ex NEA to AUBNE_AUMEL'!J51+100 -> 3600
B52: Keelung (Direct only) | C52: ='ex NEA to AUBNE_AUMEL'!C52 -> AUN | D52: ='ex NEA to AUBNE_AUMEL'!D52 -> 2400 | E52: =$E$51+M52 -> 4800 | F52: =E52 -> 4800 | G52: =D52+150 -> 2550 | H52: =E52+300 -> 5100 | I52: ='ex NEA to AUBNE_AUMEL'!I52+50 -> 1800 | J52: ='ex NEA to AUBNE_AUMEL'!J52+100 -> 3600 | P52: on top of Kaohsiung
B53: Taichung | C53: ='ex NEA to AUBNE_AUMEL'!C53 -> AUN | D53: =$D$51+L53 -> 2600 | E53: =$E$51+M53 -> 5050 | F53: =E53 -> 5050 | G53: =D53+150 -> 2750 | H53: =E53+300 -> 5350 | L53: 200 | M53: 250 | N53: 250 | P53: on top of Kaohsiung
B54: Taoyuan | C54: ='ex NEA to AUBNE_AUMEL'!C54 -> AUN | D54: =$D$51+L54 -> 2600 | E54: =$E$51+M54 -> 5050 | F54: =E54 -> 5050 | G54: =D54+150 -> 2750 | H54: =E54+300 -> 5350 | L54: 200 | M54: 250 | N54: 250 | P54: on top of Kaohsiung
A56: PRDA: | B56: Beijiao, Gaoming, Gongyi, Guangzhou, Huadu, Jiangmen, Leliu, Lian Hua Shan, Liudu, Longhua, Nansha, Rongqi, Sanshan, Sanshui, Shantou, Xiaolan, Xinhui, Zhongshan, Zhuhai
A57: PRDB: | B57: Beihai, Dongguan, Doumen, Fangcheng, Gaolan, Haikou (Hainan), Heshan, Jiujiang (CNJJG), Nangang, Nanhai, Qingyuan, Qinzhou, Sanbu, Kaiping, Sihui (Mafang), Wuzhou, Yunfu, Zhanjiang, Zhaoqing
A59: Surcharges
D60: 20' | E60: 40' | F60: 40'HC | G60: 20'RF | H60: 40'HC RF | I60: 20'RAD | J60: 40'HC RAD
A61: OBS | B61: ONE Bunker Surcharge | D61: ='ex NEA to AUBNE_AUMEL'!D61 -> USD301 | E61: ='ex NEA to AUBNE_AUMEL'!E61 -> USD602 | F61: ='ex NEA to AUBNE_AUMEL'!F61 -> USD602 | G61: ='ex NEA to AUBNE_AUMEL'!G61 -> USD403 | H61: ='ex NEA to AUBNE_AUMEL'!H61 -> USD806 | I61: ='ex NEA to AUBNE_AUMEL'!I61 -> USD301 | J61: ='ex NEA to AUBNE_AUMEL'!J61 -> USD602
A62: OBS | B62: ONE Bunker Surcharge | D62: ='ex NEA to AUBNE_AUMEL'!D62 -> included | E62: ='ex NEA to AUBNE_AUMEL'!E62 -> included | F62: ='ex NEA to AUBNE_AUMEL'!F62 -> included | G62: ='ex NEA to AUBNE_AUMEL'!G62 -> included | H62: ='ex NEA to AUBNE_AUMEL'!H62 -> included | I62: ='ex NEA to AUBNE_AUMEL'!I62 -> included | J62: ='ex NEA to AUBNE_AUMEL'!J62 -> included
A63: LSF (ex CN & HK only) | B63: Low Sulphur Fuel Surcharge | D63: ONE Tariff | E63: ONE Tariff | F63: ONE Tariff | G63: ONE Tariff | H63: ONE Tariff | I63: ONE Tariff | J63: ONE Tariff
A64: LSF (ex TW only) | B64: Low Sulphur Fuel Surcharge | D64: ONE Tariff | E64: ONE Tariff | F64: ONE Tariff | G64: ONE Tariff | H64: ONE Tariff | I64: ONE Tariff | J64: ONE Tariff
A65: THD | B65: Terminal Handling Destination | D65: ONE Tariff | E65: ONE Tariff | F65: ONE Tariff | G65: ONE Tariff | H65: ONE Tariff | I65: ONE Tariff | J65: ONE Tariff
A66: THL | B66: Terminal Handling Origin | D66: ONE Tariff | E66: ONE Tariff | F66: ONE Tariff | G66: ONE Tariff | H66: ONE Tariff | I66: ONE Tariff | J66: ONE Tariff
A67: LND | B67: Landside Charge | D67: ONE Tariff | E67: ONE Tariff | F67: ONE Tariff | G67: ONE Tariff | H67: ONE Tariff | I67: ONE Tariff | J67: ONE Tariff
A68: DOF | B68: Document Fee (Destination) | D68: ONE Tariff | E68: ONE Tariff | F68: ONE Tariff | G68: ONE Tariff | H68: ONE Tariff | I68: ONE Tariff | J68: ONE Tariff
A69: DOC | B69: Document Fee (Origin) | D69: ONE Tariff | E69: ONE Tariff | F69: ONE Tariff | G69: ONE Tariff | H69: ONE Tariff | I69: ONE Tariff | J69: ONE Tariff
A70: ISL | B70: International Security Fee at Local | D70: ONE Tariff | E70: ONE Tariff | F70: ONE Tariff | G70: ONE Tariff | H70: ONE Tariff | I70: ONE Tariff | J70: ONE Tariff
A72: Remarks:
A73: ='ex NEA to AUBNE_AUMEL'!A73 -> Rate incl OBS, EFS (ex KR & HK), PSS, subject to ISL/THL/THD/LND/DOC/DOF and local charges both ends
A74: Ex TW only: Rate incl OBS/ISL, PSS, subject to THL/THD/LND/DOC/DOF and all applicable surcharges as per ONE tariff
A75: For dry non-DG cargo only (*not accepting DG in Reefer)
A76: Flexi-tank add-on: USD100/TEU
A77: All Surcharges / Add-on above are subjected to change with our without notice
A78: Rate subject to any local charges both ends
A79: Booking acceptance subject to space , equipment availability, and ship planners acceptance
A80: Any other Pearl River Delta / Yangzhi River Delta
A83: HAZ Surcharges Table - w.e.f. 01 Apri 2025
A84: Direct loading shipment: HAZ add-on
A85: Via SIN shipment: HAZ add-on + PSA add-on
A87: HAZ | B87: DG Class | C87: D20 | D87: D40 | E87: 40HC | F87: Remarks
A88: For All DG cargoes Direct load and via Singapore | B88: CLASS 1 | C88: Do not accept
B89: CLASS 2.1/2.2/2.3 | C89: USD 300 | D89: USD 600 | E89: USD 600
B90: CLASS 3 | C90: USD 150 | D90: USD 300 | E90: USD 300
B91: CLASS 4 | C91: USD 150 | D91: USD 300 | E91: USD 300
B92: CLASS 5 | C92: USD 300 | D92: USD 600 | E92: USD 600
B93: CLASS 6 | C93: USD 150 | D93: USD 300 | E93: USD 300
B94: CLASS 7 | C94: Do not accept
B95: CLASS 8 | C95: USD 150 | D95: USD 300 | E95: USD 300
B96: CLASS 9 | C96: USD 150 | D96: USD 300 | E96: USD 300
A97: ** All HAZ shipment is subject to DG desk approval & vessel operator's acceptance.
A99: PSA Add-on | B99: PSA Group | C99: D20 | D99: D40 | E99: 40HC | F99: Remarks
A100: An addon applicable for Singapore transhipment | B100: PSA group 1/1D/2 | C100: USD 538 | D100: USD 753 | E100: USD 753
B101: PSA group 2S/2B/2F | C101: USD 269 | D101: USD 538 | E101: USD 538
B102: PSA group 1S/2A | C102: USD 430 | D102: USD 591 | E102: USD 591
B103: PSA group 3 | C103: USD 0 | D103: USD 0 | E103: USD 0
A104: ** All HAZ shipment is subject to DG desk approval & vessel operator's acceptance.
A106: Plesae always refer to BACS for the latest SOP.
A108: Pharmaceutical Addon | I108: VALID fm 01 Oct 2025 to end Mar 2027
A110: PREMIUM Add-on | C110: New | F110: PREMIUM
A111: CARGO VALUE | C111: ONE TARIFF (per unit) | F111: CARGO VALUE | H111: ONE ADD-ON
...

Sheet ex NEA to AUBNE on NZJ
A1: ONE AU Minimum Rate Guideline (NZJ) - For Tier 1 Customers
I3: ISSUE DATE: | J3: ='ex NEA to AUBNE_AUMEL'!J3 -> 46258
A4: Validity: | B4: ='ex NEA to AUBNE_AUMEL'!B4 -> 01 Sept to 14 Sept 2026 | D4: POD: Brisbane | G4: POD: Brisbane | I4: POD: Brisbane
B5: POL | C5: Service | D5: 20' | E5: 40' | F5: 40'HC | G5: 20'RF | H5: 40'HC RF | I5: 20'RAD | J5: 40'HC RAD | N5: Add-on table
D6: USD | E6: USD | F6: USD | G6: USD | H6: USD | I6: USD | J6: USD
A7: China | B7: Qingdao | C7: NZJ (only) | D7: =D8+N7 -> 2500 | E7: =E8+O7 -> 5000 | F7: =F8+P7 -> 5000 | N7: 100 | O7: 200 | P7: 200
B8: Shanghai | C8: NZJ (only) | D8: ='ex NEA to AUBNE_AUMEL'!D8 -> 2400 | E8: ='ex NEA to AUBNE_AUMEL'!E8 -> 4800 | F8: =E8 -> 4800 | G8: ='ex NEA to AUBNE_AUMEL'!G8 -> 2500 | H8: ='ex NEA to AUBNE_AUMEL'!H8 -> 5000 | I8: ='ex NEA to AUBNE_AUMEL'!I8 -> 1750 | J8: ='ex NEA to AUBNE_AUMEL'!J8 -> 3500
B9: Ningbo | C9: NZJ (only) | D9: =D8+N9 -> 2500 | E9: =E8+O9 -> 5000 | F9: =F8+P9 -> 5000 | N9: 100 | O9: 200 | P9: 200
B10: Xingang | C10: NZJ (only) | D10: =D7+N10 -> 2700 | E10: =E7+O10 -> 5300 | F10: =F7+P10 -> 5300 | N10: 200 | O10: 300 | P10: 300 | Q10: on top of Qingdao
B11: Dalian | C11: NZJ (only) | D11: =D7+N11 -> 2700 | E11: =E7+O11 -> 5300 | F11: =F7+P11 -> 5300 | N11: 200 | O11: 300 | P11: 300 | Q11: on top of Qingdao
B12: Changsha | C12: NZJ (only) | D12: =$D$8+N12 -> 2800 | E12: =$E$8+O12 -> 5500 | F12: =E12 -> 5500 | N12: 400 | O12: 700 | P12: 700 | Q12: on top of Shanghai
B13: Changshu | C13: NZJ (only) | D13: =$D$8+N13 -> 2600 | E13: =$E$8+O13 -> 5100 | F13: =E13 -> 5100 | N13: 200 | O13: 300 | P13: 300 | Q13: on top of Shanghai
B14: Changzhou | C14: NZJ (only) | D14: =$D$8+N14 -> 2650 | E14: =$E$8+O14 -> 5200 | F14: =E14 -> 5200 | N14: 250 | O14: 400 | P14: 400 | Q14: on top of Shanghai
B15: Chengdu | C15: NZJ (only) | D15: =$D$8+N15 -> 3600 | E15: =$E$8+O15 -> 6700 | F15: =E15 -> 6700 | N15: 1200 | O15: 1900 | P15: 1900 | Q15: on top of Shanghai
B16: Chengdu (via CNYTN by rail) | C16: NZJ (only) | E16: =$E$44+O16 -> 5850 | F16: =E16 -> 5850 | O16: 1050 | P16: 1050
B17: Chongqing (via CNSHA) | C17: NZJ (only) | D17: =$D$8+N17 -> 2750 | E17: =$E$8+O17 -> 5700 | F17: =E17 -> 5700 | N17: 350 | O17: 900 | P17: 900 | Q17: on top of Shanghai
B18: Chongqing (via CNYTN by rail) | C18: NZJ (only) | D18: =D44+1000 -> 3400 | E18: =E44+950 -> 5750 | F18: =E18 -> 5750
B19: Guiyang (via CNYTN by rail) | C19: NZJ (only) | D19: =D44+900 -> 3300 | E19: =E44+1000 -> 5800 | F19: =E19 -> 5800
B20: Jiangyin | C20: NZJ (only) | D20: =$D$8+N20 -> 2600 | E20: =$E$8+O20 -> 5100 | F20: =E20 -> 5100 | N20: 200 | O20: 300 | P20: 300 | Q20: on top of Shanghai
B21: Jiujiang (CNJIU) | C21: NZJ (only) | D21: =$D$8+N21 -> 2750 | E21: =$E$8+O21 -> 5350 | F21: =E21 -> 5350 | N21: 350 | O21: 550 | P21: 550 | Q21: on top of Shanghai
B22: Lianyungang | C22: NZJ (only) | D22: =D7+100 -> 2600 | E22: =E7+150 -> 5150 | F22: =F7+150 -> 5150 | N22: 200 | O22: 350 | P22: 350 | Q22: on top of Qingdao
B23: Nanchang (via CNSHA) | C23: NZJ (only) | D23: =$D$8+N23 -> 2785 | E23: =$E$8+O23 -> 5450 | F23: =E23 -> 5450 | N23: 385 | O23: 650 | P23: 650 | Q23: on top of Shanghai
B24: Nanchang (via CNYTN by rail) | C24: NZJ (only) | D24: =D44+645 -> 3045 | E24: =E44+825 -> 5625 | F24: =F44+825 -> 5625
B25: Nanjing | C25: NZJ (only) | D25: =D8+N25 -> 2650 | E25: =E8+O25 -> 5200 | F25: =F8+P25 -> 5200 | N25: 250 | O25: 400 | P25: 400 | Q25: on top of Shanghai
B26: Nantong | C26: NZJ (only) | D26: =$D$8+N26 -> 2650 | E26: =$E$8+O26 -> 5200 | F26: =E26 -> 5200 | N26: 250 | O26: 400 | P26: 400 | Q26: on top of Shanghai
B27: Shidao | C27: NZJ (only) | D27: =D7+N27 -> 2700 | E27: =E7+O27 -> 5300 | F27: =F7+P27 -> 5300 | N27: 200 | O27: 300 | P27: 300 | Q27: on top of Qingdao
B28: Taicang | C28: NZJ (only) | D28: =$D$8+N28 -> 2600 | E28: =$E$8+O28 -> 5100 | F28: =E28 -> 5100 | N28: 200 | O28: 300 | P28: 300 | Q28: on top of Shanghai
B29: Taizhou, Jiangsu | C29: NZJ (only) | D29: =$D$8+N29 -> 2650 | E29: =$E$8+O29 -> 5200 | F29: =E29 -> 5200 | N29: 250 | O29: 400 | P29: 400 | Q29: on top of Shanghai
B30: Wenzhou | C30: NZJ (only) | D30: =D9+N30 -> 2700 | E30: =E9+O30 -> 5300 | F30: =F9+P30 -> 5300 | N30: 200 | O30: 300 | P30: 300 | Q30: on top of Ningbo
B31: Wuhan | C31: NZJ (only) | D31: =$D$8+N31 -> 2700 | E31: =$E$8+O31 -> 5375 | F31: =E31 -> 5375 | N31: 300 | O31: 575 | P31: 575 | Q31: on top of Shanghai
B32: Wuhu | C32: NZJ (only) | D32: =$D$8+N32 -> 2700 | E32: =$E$8+O32 -> 5175 | F32: =E32 -> 5175 | N32: 300 | O32: 375 | P32: 375 | Q32: on top of Shanghai
B33: Yangzhou | C33: NZJ (only) | D33: =$D$8+N33 -> 2675 | E33: =$E$8+O33 -> 5175 | F33: =E33 -> 5175 | N33: 275 | O33: 375 | P33: 375 | Q33: on top of Shanghai
B34: Yantai | C34: NZJ (only) | D34: =D7+N34 -> 2700 | E34: =E7+O34 -> 5300 | F34: =F7+P34 -> 5300 | N34: 200 | O34: 300 | P34: 300 | Q34: on top of Qingdao
B35: Yueyang | C35: NZJ (only) | D35: =$D$8+N35 -> 2675 | E35: =$E$8+O35 -> 5475 | F35: =E35 -> 5475 | N35: 275 | O35: 675 | P35: 675 | Q35: on top of Shanghai
B36: Zhangjiagang | C36: NZJ (only) | D36: =$D$8+N36 -> 2675 | E36: =$E$8+O36 -> 5175 | F36: =E36 -> 5175 | N36: 275 | O36: 375 | P36: 375 | Q36: on top of Shanghai
B37: Zhenjiang | C37: NZJ (only) | D37: =$D$8+N37 -> 2650 | E37: =$E$8+O37 -> 5150 | F37: =E37 -> 5150 | N37: 250 | O37: 350 | P37: 350 | Q37: on top of Shanghai
B38: Zhapu | C38: NZJ (only) | D38: =D9+N38 -> 2575 | E38: =E9+O38 -> 5125 | F38: =E38 -> 5125 | N38: 75 | O38: 125 | P38: 125 | Q38: on top of Ningbo
A39: Fujian | B39: Xiamen | C39: NZJ (only) | D39: ='ex NEA to AUBNE_AUMEL'!D39 -> 2550 | E39: ='ex NEA to AUBNE_AUMEL'!E39 -> 5000 | F39: =E39 -> 5000 | G39: ='ex NEA to AUBNE_AUMEL'!G39 -> 2650 | H39: ='ex NEA to AUBNE_AUMEL'!H39 -> 5200 | I39: ='ex NEA to AUBNE_AUMEL'!I39 -> 1900 | J39: ='ex NEA to AUBNE_AUMEL'!J39 -> 3700 | N39: 150 | O39: 200 | P39: 200
B40: Fuqing | C40: NZJ (only) | D40: =$D$39+N40 -> 2650 | E40: =$E$39+O40 -> 5200 | F40: =E40 -> 5200 | N40: 100 | O40: 200 | P40: 200
B41: Fuzhou | C41: NZJ (only) | D41: =$D$39+N41 -> 2800 | E41: =$E$39+O41 -> 5500 | F41: =E41 -> 5500 | N41: 250 | O41: 500 | P41: 500
B42: Mawei | C42: NZJ (only) | D42: =$D$39+N42 -> 2800 | E42: =$E$39+O42 -> 5500 | F42: =E42 -> 5500 | N42: 250 | O42: 500 | P42: 500
A43: South China | B43: Hong Kong | C43: NZJ (only) | D43: ='ex NEA to AUBNE_AUMEL'!D43 -> 2400 | E43: ='ex NEA to AUBNE_AUMEL'!E43 -> 4800 | F43: =E43 -> 4800 | G43: ='ex NEA to AUBNE_AUMEL'!G43 -> 2500 | H43: ='ex NEA to AUBNE_AUMEL'!H43 -> 5000 | I43: ='ex NEA to AUBNE_AUMEL'!I43 -> 1750 | J43: ='ex NEA to AUBNE_AUMEL'!J43 -> 3500
B44: Yantian | C44: NZJ (only) | D44: ='ex NEA to AUBNE_AUMEL'!D44 -> 2400 | E44: ='ex NEA to AUBNE_AUMEL'!E44 -> 4800 | F44: =E44 -> 4800 | G44: ='ex NEA to AUBNE_AUMEL'!G44 -> 2500 | H44: ='ex NEA to AUBNE_AUMEL'!H44 -> 5000 | I44: ='ex NEA to AUBNE_AUMEL'!I44 -> 1750 | J44: ='ex NEA to AUBNE_AUMEL'!J44 -> 3500
B45: Ganzhou (CNGAN) | C45: NZJ (only) | D45: =D44+460 -> 2860 | E45: =E44+600 -> 5400 | F45: =F44+600 -> 5400
B46: Zhuzhou (CNZUU) | C46: NZJ (only) | D46: =D44+500 -> 2900 | E46: =E44+650 -> 5450 | F46: =F44+650 -> 5450
B47: Huangpu | C47: NZJ (only) | D47: =D43+N47 -> 2500 | E47: =E43+O47 -> 5000 | F47: =F43+P47 -> 5000 | N47: 100 | O47: 200 | P47: 200 | Q47: on top of Hong Kong
B48: PRDA* | C48: NZJ (only) | D48: =D43+N48 -> 2600 | E48: =E43+O48 -> 5100 | F48: =F43+P48 -> 5100 | N48: 200 | O48: 300 | P48: 300 | Q48: on top of Hong Kong
B49: PRDB* | C49: NZJ (only) | D49: =$D$43+N49 -> 2700 | E49: =$E$43+O49 -> 5300 | F49: =E49 -> 5300 | N49: 300 | O49: 500 | P49: 500 | Q49: on top of Hong Kong
A50: Korea | B50: Busan | C50: NZJ (only) | D50: ='ex NEA to AUBNE_AUMEL'!D50 -> 2300 | E50: ='ex NEA to AUBNE_AUMEL'!E50 -> 4600 | F50: =E50 -> 4600 | G50: ='ex NEA to AUBNE_AUMEL'!G50 -> 2400 | H50: ='ex NEA to AUBNE_AUMEL'!H50 -> 4800 | I50: ='ex NEA to AUBNE_AUMEL'!I50 -> 1650 | J50: ='ex NEA to AUBNE_AUMEL'!J50 -> 3300
A51: Taiwan (include ISL) | B51: Kaohsiung | C51: NZJ (only) | D51: ='ex NEA to AUBNE_AUMEL'!D51 -> 2400 | E51: ='ex NEA to AUBNE_AUMEL'!E51 -> 4800 | F51: =E51 -> 4800 | G51: ='ex NEA to AUBNE_AUMEL'!G51 -> 2500 | H51: ='ex NEA to AUBNE_AUMEL'!H51 -> 5000 | I51: ='ex NEA to AUBNE_AUMEL'!I51 -> 1750 | J51: ='ex NEA to AUBNE_AUMEL'!J51 -> 3500
B52: Keelung (Direct only) | C52: NZJ (only) | D52: =D51 -> 2400 | E52: ='ex NEA to AUBNE_AUMEL'!E52 -> 4800 | F52: =E52 -> 4800 | G52: ='ex NEA to AUBNE_AUMEL'!G52 -> 2500 | H52: ='ex NEA to AUBNE_AUMEL'!H52 -> 5000 | I52: ='ex NEA to AUBNE_AUMEL'!I52 -> 1750 | J52: ='ex NEA to AUBNE_AUMEL'!J52 -> 3500
B53: Taichung | C53: NZJ (only) | D53: =$D$51+N53 -> 2600 | E53: =$E$51+O53 -> 5050 | F53: =E53 -> 5050 | G53: ='ex NEA to AUBNE_AUMEL'!G53 -> 2700 | H53: ='ex NEA to AUBNE_AUMEL'!H53 -> 5250 | N53: 200 | O53: 250 | P53: 250 | Q53: on top of Kaohsiung
B54: Taoyuan | C54: NZJ (only) | D54: =$D$51+N54 -> 2600 | E54: =$E$51+O54 -> 5050 | F54: =E54 -> 5050 | G54: ='ex NEA to AUBNE_AUMEL'!G54 -> 2700 | H54: ='ex NEA to AUBNE_AUMEL'!H54 -> 5250 | N54: 200 | O54: 250 | P54: 250 | Q54: on top of Kaohsiung
A56: PRDA: | B56: Beijiao, Gaoming, Gongyi, Guangzhou, Huadu, Jiangmen, Leliu, Lian Hua Shan, Liudu, Longhua, Nansha, Rongqi, Sanshan, Sanshui, Shantou, Xiaolan, Xinhui, Zhongshan, Zhuhai
A57: PRDB: | B57: Beihai, Dongguan, Doumen, Fangcheng, Gaolan, Haikou (Hainan), Heshan, Jiujiang (CNJJG), Nangang, Nanhai, Qingyuan, Qinzhou, Sanbu, Kaiping, Sihui (Mafang), Wuzhou, Yunfu, Zhanjiang, Zhaoqing
A59: Surcharges
D60: 20' | E60: 40' | F60: 40'HC | G60: 20'RF | H60: 40'HC RF | I60: 20'RAD | J60: 40'HC RAD
A61: OBS | B61: ONE Bunker Surcharge | D61: ='ex NEA to AUBNE_AUMEL'!D61 -> USD301 | E61: ='ex NEA to AUBNE_AUMEL'!E61 -> USD602 | F61: ='ex NEA to AUBNE_AUMEL'!F61 -> USD602 | G61: ='ex NEA to AUBNE_AUMEL'!G61 -> USD403 | H61: ='ex NEA to AUBNE_AUMEL'!H61 -> USD806 | I61: ='ex NEA to AUBNE_AUMEL'!I61 -> USD301 | J61: ='ex NEA to AUBNE_AUMEL'!J61 -> USD602
A62: OBS | B62: ONE Bunker Surcharge | D62: ='ex NEA to AUBNE_AUMEL'!D62 -> included | E62: ='ex NEA to AUBNE_AUMEL'!E62 -> included | F62: ='ex NEA to AUBNE_AUMEL'!F62 -> included | G62: ='ex NEA to AUBNE_AUMEL'!G62 -> included | H62: ='ex NEA to AUBNE_AUMEL'!H62 -> included | I62: ='ex NEA to AUBNE_AUMEL'!I62 -> included | J62: ='ex NEA to AUBNE_AUMEL'!J62 -> included
A63: LSF (ex CN & HK only) | B63: Low Sulphur Fuel Surcharge | D63: ONE Tariff | E63: ONE Tariff | F63: ONE Tariff | G63: ONE Tariff | H63: ONE Tariff | I63: ONE Tariff | J63: ONE Tariff
A64: LSF (ex TW only) | B64: Low Sulphur Fuel Surcharge | D64: ONE Tariff | E64: ONE Tariff | F64: ONE Tariff | G64: ONE Tariff | H64: ONE Tariff | I64: ONE Tariff | J64: ONE Tariff
A65: THD | B65: Terminal Handling Destination | D65: ONE Tariff | E65: ONE Tariff | F65: ONE Tariff | G65: ONE Tariff | H65: ONE Tariff | I65: ONE Tariff | J65: ONE Tariff
A66: THL | B66: Terminal Handling Origin | D66: ONE Tariff | E66: ONE Tariff | F66: ONE Tariff | G66: ONE Tariff | H66: ONE Tariff | I66: ONE Tariff | J66: ONE Tariff
A67: LND | B67: Landside Charge | D67: ONE Tariff | E67: ONE Tariff | F67: ONE Tariff | G67: ONE Tariff | H67: ONE Tariff | I67: ONE Tariff | J67: ONE Tariff
A68: DOF | B68: Document Fee (Destination) | D68: ONE Tariff | E68: ONE Tariff | F68: ONE Tariff | G68: ONE Tariff | H68: ONE Tariff | I68: ONE Tariff | J68: ONE Tariff
A69: DOC | B69: Document Fee (Origin) | D69: ONE Tariff | E69: ONE Tariff | F69: ONE Tariff | G69: ONE Tariff | H69: ONE Tariff | I69: ONE Tariff | J69: ONE Tariff
A70: ISL | B70: International Security Fee at Local | D70: ONE Tariff | E70: ONE Tariff | F70: ONE Tariff | G70: ONE Tariff | H70: ONE Tariff | I70: ONE Tariff | J70: ONE Tariff
A72: Remarks:
A73: ='ex NEA to AUBNE_AUMEL'!A73 -> Rate incl OBS, EFS (ex KR & HK), PSS, subject to ISL/THL/THD/LND/DOC/DOF and local charges both ends
A74: Ex TW only: Rate incl OBS/ISL, PSS, subject to THL/THD/LND/DOC/DOF and all applicable surcharges as per ONE tariff
A75: For dry non-DG cargo only (*not accepting DG in Reefer)
A76: Flexi-tank add-on: USD100/TEU
A77: All Surcharges / Add-on above are subjected to change with our without notice
A78: Rate subject to any local charges both ends
A79: Booking acceptance subject to space , equipment availability, and ship planners acceptance
A80: Any other Pearl River Delta / Yangzhi River Delta
A83: HAZ Surcharges Table - w.e.f. 01 Apri 2025
A84: Direct loading shipment: HAZ add-on
A85: Via SIN shipment: HAZ add-on + PSA add-on
A87: HAZ | B87: DG Class | C87: D20 | D87: D40 | E87: 40HC | F87: Remarks
A88: For All DG cargoes Direct load and via Singapore | B88: CLASS 1 | C88: Do not accept
B89: CLASS 2.1/2.2/2.3 | C89: USD 300 | D89: USD 600 | E89: USD 600
B90: CLASS 3 | C90: USD 150 | D90: USD 300 | E90: USD 300
B91: CLASS 4 | C91: USD 150 | D91: USD 300 | E91: USD 300
B92: CLASS 5 | C92: USD 300 | D92: USD 600 | E92: USD 600
B93: CLASS 6 | C93: USD 150 | D93: USD 300 | E93: USD 300
B94: CLASS 7 | C94: Do not accept
B95: CLASS 8 | C95: USD 150 | D95: USD 300 | E95: USD 300
B96: CLASS 9 | C96: USD 150 | D96: USD 300 | E96: USD 300
A97: ** All HAZ shipment is subject to DG desk approval & vessel operator's acceptance.
A99: PSA Add-on | B99: PSA Group | C99: D20 | D99: D40 | E99: 40HC | F99: Remarks
A100: An addon applicable for Singapore transhipment | B100: PSA group 1/1D/2 | C100: USD 538 | D100: USD 753 | E100: USD 753
B101: PSA group 2S/2B/2F | C101: USD 269 | D101: USD 538 | E101: USD 538
B102: PSA group 1S/2A | C102: USD 430 | D102: USD 591 | E102: USD 591
B103: PSA group 3 | C103: USD 0 | D103: USD 0 | E103: USD 0
A104: ** All HAZ shipment is subject to DG desk approval & vessel operator's acceptance.
A106: Plesae always refer to BACS for the latest SOP.
A108: Pharmaceutical Addon | I108: VALID fm 01 Oct 2025 to end Mar 2027
A110: PREMIUM Add-on | C110: New | F110: PREMIUM
A111: CARGO VALUE | C111: ONE TARIFF (per unit) | F111: CARGO VALUE | H111: ONE ADD-ON
...

Sheet Tier 1 list
A1: Oceania Tier One Customer List - valid for 01 Jul to 30 Sep 2026 | F1: 46197 | H1: confirmed
B2: CIF/FOB | C2: RFA | D2: Customer ID | E2: SC/RFA Customer Name | F2: SC/RFA Customer Sales Rep Name | H2: Remarks
A3: 1 | B3: FOB | C3: FREN00580A | D3: AU101254 | E3: A. HARTRODT | F3: Luke Mckenzie | H3: Maintain
A4: 2 | B4: CIF | C4: SHAN00504A | D4: CN117056 | E4: ACON LOGISTICS SERVICES CO.,LTD. | F4: Jean Cao | H4: Maintain
A5: 3 | B5: FOB | C5: MELN00050A | D5: AU202996 | E5: Across the Ocean Shipping | F5: Matos Samardzic | H5: Maintain
A6: 4 | B6: CIF | C6: HKGN00587A | D6: HK100560 | E6: AXIMA HONG KONG LIMITED | F6: Mon Chan | H6: Maintain
A7: 5 | B7: FOB | C7: FREN00065A | D7: AU200031 | E7: BULLOCKS FREIGHTMASTER INTERNATIONAL | F7: Rogan Gilchrist | H7: Maintain
A8: 6 | B8: FOB | C8: AKLN00045A | D8: NZ101839 | E8: BURNARD INTERNATIONAL LTD | F8: Tracey Theron | H8: Maintain
A9: 7 | B9: CIF | C9: SINN02722A | D9: SG100628 | E9: C.H. ROBINSON FREIGHT SERVICES (SINGAPORE) PTE, LTD. | F9: Qi Ming Tan | H9: Maintain
A10: 8 | B10: CIF | C10: HKGN00650A | D10: HK101014 | E10: CARGO SERVICES FAR EAST LIMITED | F10: Qi Ming Tan | H10: Maintain
A11: 9 | B11: CIF | C11: SZPN00408A | D11: CN216334 | E11: China Great Logistics Co., Ltd. | F11: Kayee Lijy | H11: Maintain
A12: 10 | B12: FOB | C12: SYDN00426A | D12: AU500126 | E12: DITH AUSTRALIA PTY LTD | F12: Thomas Rine | H12: Maintain
A13: 11 | B13: FOB | C13: MELN00172A | D13: AU102295 | E13: DSV AIR & SEA PTY LTD | F13: Matos Samardzic | H13: Maintain
A14: 12 | B14: CIF | C14: TSZPN00587A | D14: CN128748 | E14: EASTRONG INTERNATIONAL LOGISTICS CO.,LTD SHENZHEN BRANCH | F14: Kelvin Gao | H14: Maintain
... A67: 65 | B67: CIF | C67: THKGN01281A | D67: HK101028 | E67: Carotrans | F67: Katy Ng | H67: Maintain
A68: 66 | B68: CIF | C68: CANN00273A | D68: CN102583 | E68: GUANGZHOU YEAHER INTERNATIONAL LOGISTICS CO., LTD | F68: David Zhang | G68: 30 | H68: Maintain
A69: 67 | B69: CIF | C69: CANN00389A | D69: CN523753 | E69: GUANGZHOU MAXLINK INTERNATIONAL FORWARDING CO., LTD. | F69: David Zhang | G69: 30 | H69: Maintain
A70: 68 | B70: FOB | C70: MELN00170A | D70: AU200145 | E70: NAVIA PTY LTD | F70: Nikolina Medakovic | G70: 30 | H70: Maintain
A71: 69 | B71: FOB | C71: AKLN00240A | D71: NZ102043 | E71: DSV AIR & SEA LIMITED | F71: Tracey Theron | G71: 30 | H71: Maintain
A72: 70 | B72: CIF | C72: TSNN00025A | D72: CN139782 | E72: YUEXIN GLOBAL LOGISTICS CO., LTD. | F72: Demy Wang | G72: 15-20 | H72: Maintain
A73: 71 | B73: FOB | C73: BNEN00159A | D73: AU100352 | E73: AAW GLOBAL LOGISTICS | F73: Simon Bywater | H73: Newly Added
A74: 72 | B74: CIF | C74: TSHAN00693A | D74: CN632086 | E74: SHANGHAI AUGER INTERNATIONAL FORWARDING CO.,LTD | F74: Wu Jun | H74: Newly Added
A75: 73 | B75: CIF | C75: HKGN03360A | D75: AE512831 | E75: SMART SOLUTIONS LINE FZE | F75: Katy Ng | H75: Newly Added
A76: 74 | B76: CIF | C76: TTAON01461A | D76: CN634160 | E76: QINGDAO TAIRUIDA LOGISTICS | F76: KIM WANG | H76: Newly Added
