Workbook

Sheet ex NEA to AUFRE
A1: ONE Minimum Rate Guideline
A3: Validity: | B3: 15 Aug to 31 Aug 2026 | I3: ISSUE DATE: | J3: 46241
B4: POL | C4: POD | D4: Service | E4: 20' | F4: 40' | G4: 40'HC | H4: 20'Reefer | I4: 40'HC Reefer | J4: 20'NOR | K4: 40'HC NOR
E5: USD | F5: USD | G5: USD | H5: USD | I5: USD | J5: USD | K5: USD
A6: China | B6: Qingdao | C6: Fremantle | D6: WAU | E6: 2200 | F6: 4400 | G6: =F6 -> 4400 | H6: =E6+100 -> 2300 | I6: =G6+200 -> 4600 | J6: 1900
B7: Shanghai | C7: Fremantle | D7: WAU | E7: =E6 -> 2200 | F7: =F6 -> 4400 | G7: =F7 -> 4400 | H7: =H6 -> 2300 | I7: =I6 -> 4600 | J7: =J6 -> 1900
B8: Ningbo | C8: Fremantle | D8: WAU | E8: =E6 -> 2200 | F8: =F6 -> 4400 | G8: =F8 -> 4400 | H8: =H6 -> 2300 | I8: =I6 -> 4600 | J8: =J6 -> 1900
B9: Xingang | C9: Fremantle | D9: WAU | E9: =E6 -> 2200 | F9: =F6 -> 4400 | G9: =F9 -> 4400 | H9: =H6 -> 2300 | I9: =I6 -> 4600 | J9: =J6 -> 1900
B10: Dalian | C10: Fremantle | D10: WAU | E10: =E6+M10 -> 2400 | F10: =F6+N10 -> 4600 | G10: =F10 -> 4600 | M10: 200 | N10: 200 | O10: 200 | P10: on top of Qingdao
B11: Changsha | C11: Fremantle | D11: WAU | E11: =$E$7+M11 -> 2600 | F11: =$F$7+N11 -> 5100 | G11: =F11 -> 5100 | M11: 400 | N11: 700 | O11: 700 | P11: on top of Shanghai
B12: Changshu | C12: Fremantle | D12: WAU | E12: =$E$7+M12 -> 2400 | F12: =$F$7+N12 -> 4600 | G12: =F12 -> 4600 | M12: 200 | N12: 200 | O12: 200 | P12: on top of Shanghai
B13: Changzhou | C13: Fremantle | D13: WAU | E13: =$E$7+M13 -> 2450 | F13: =$F$7+N13 -> 4800 | G13: =F13 -> 4800 | M13: 250 | N13: 400 | O13: 400 | P13: on top of Shanghai
B14: Chengdu | C14: Fremantle | D14: WAU | E14: =$E$7+M14 -> 3700 | F14: =$F$7+N14 -> 6900 | G14: =F14 -> 6900 | M14: 1500 | N14: 2500 | O14: 2500 | P14: on top of Shanghai
B15: Chengdu (via CNYTN by rail) | C15: Fremantle | D15: WAU | F15: =F43+N15 -> 5450 | G15: =F15 -> 5450 | N15: 1050 | O15: 1050 | P15: on top of Yantian
B16: Chongqing (via CNSHA) | C16: Fremantle | D16: WAU | E16: =$E$7+M16 -> 2550 | F16: =$F$7+N16 -> 5300 | G16: =F16 -> 5300 | M16: 350 | N16: 900 | O16: 900 | P16: on top of Shanghai
B17: Chongqing (via CNYTN by rail) | C17: Fremantle | D17: WAU | E17: =E43+M17 -> 3200 | F17: =F43+N17 -> 5350 | G17: =F17 -> 5350 | I17: =IFERROR(__xludf.DUMMYFUNCTION("AI(""Fill an appropriate value for this cell based on the table context"")"),"") | M17: 1000 | N17: 950 | O17: 950 | P17: on top of Yantian
B18: Guiyang (via CNYTN by rail) | C18: Fremantle | D18: WAU | E18: =E42+900 -> 3100 | F18: =F42+1000 -> 5400 | G18: =G42+1000 -> 5400
B19: Jiangyin | C19: Fremantle | D19: WAU | E19: =$E$7+M19 -> 2400 | F19: =$F$7+N19 -> 4650 | G19: =F19 -> 4650 | M19: 200 | N19: 250 | O19: 250 | P19: on top of Shanghai
B20: Jiujiang (CNJIU) | C20: Fremantle | D20: WAU | E20: =$E$7+M20 -> 2550 | F20: =$F$7+N20 -> 4950 | G20: =F20 -> 4950 | M20: 350 | N20: 550 | O20: 550 | P20: on top of Shanghai
B21: Lianyungang | C21: Fremantle | D21: WAU | E21: =$E$6+M21 -> 2300 | F21: =$F$6+N21 -> 4550 | G21: =F21 -> 4550 | M21: 100 | N21: 150 | O21: 150 | P21: on top of Qingdao
B22: Nanchang (via CNSHA) | C22: Fremantle | D22: WAU | E22: =$E$7+M22 -> 2585 | F22: =$F$7+N22 -> 5050 | G22: =F22 -> 5050 | M22: 385 | N22: 650 | O22: 650 | P22: on top of Shanghai
B23: Nanchang (via CNYTN by rail) | C23: Fremantle | D23: WAU | E23: =E43+M23 -> 2845 | F23: =F43+N23 -> 5225 | G23: =G43+O23 -> 5225 | M23: 645 | N23: 825 | O23: 825 | P23: on top of Yantian
B24: Nanjing | C24: Fremantle | D24: WAU | E24: =$E$7+M24 -> 2450 | F24: =$F$7+N24 -> 4800 | G24: =F24 -> 4800 | M24: 250 | N24: 400 | O24: 400 | P24: on top of Shanghai
B25: Nantong | C25: Fremantle | D25: WAU | E25: =$E$7+M25 -> 2450 | F25: =$F$7+N25 -> 4800 | G25: =F25 -> 4800 | M25: 250 | N25: 400 | O25: 400 | P25: on top of Shanghai
B26: Shidao | C26: Fremantle | D26: WAU | E26: =$E$6+M26 -> 2400 | F26: =$F$6+N26 -> 4650 | G26: =F26 -> 4650 | M26: 200 | N26: 250 | O26: 250 | P26: on top of Qingdao
B27: Taicang | C27: Fremantle | D27: WAU | E27: =$E$7+M27 -> 2400 | F27: =$F$7+N27 -> 4700 | G27: =F27 -> 4700 | M27: 200 | N27: 300 | O27: 300 | P27: on top of Shanghai
B28: Taizhou, Jiangsu | C28: Fremantle | D28: WAU | E28: =$E$7+M28 -> 2450 | F28: =$F$7+N28 -> 4800 | G28: =F28 -> 4800 | M28: 250 | N28: 400 | O28: 400 | P28: on top of Shanghai
B29: Wenzhou | C29: Fremantle | D29: WAU | E29: =$E$8+M29 -> 2400 | F29: =$F$8+N29 -> 4600 | G29: =F29 -> 4600 | M29: 200 | N29: 200 | O29: 200 | P29: on top of Ningbo
B30: Wuhan | C30: Fremantle | D30: WAU | E30: =$E$7+M30 -> 2500 | F30: =$F$7+N30 -> 4975 | G30: =F30 -> 4975 | M30: 300 | N30: 575 | O30: 575 | P30: on top of Shanghai
B31: Wuhu | C31: Fremantle | D31: WAU | E31: =$E$7+M31 -> 2500 | F31: =$F$7+N31 -> 4775 | G31: =F31 -> 4775 | M31: 300 | N31: 375 | O31: 375 | P31: on top of Shanghai
B32: Yangzhou | C32: Fremantle | D32: WAU | E32: =$E$7+M32 -> 2475 | F32: =$F$7+N32 -> 4775 | G32: =F32 -> 4775 | M32: 275 | N32: 375 | O32: 375 | P32: on top of Shanghai
B33: Yantai | C33: Fremantle | D33: WAU | E33: =$E$6+M33 -> 2400 | F33: =$F$6+N33 -> 4600 | G33: =F33 -> 4600 | M33: 200 | N33: 200 | O33: 200 | P33: on top of Qingdao
B34: Yueyang | C34: Fremantle | D34: WAU | E34: =$E$7+M34 -> 2475 | F34: =$F$7+N34 -> 5075 | G34: =F34 -> 5075 | M34: 275 | N34: 675 | O34: 675 | P34: on top of Shanghai
B35: Zhangjiagang | C35: Fremantle | D35: WAU | E35: =$E$7+M35 -> 2475 | F35: =$F$7+N35 -> 4775 | G35: =F35 -> 4775 | M35: 275 | N35: 375 | O35: 375 | P35: on top of Shanghai
B36: Zhenjiang | C36: Fremantle | D36: WAU | E36: =$E$7+M36 -> 2450 | F36: =$F$7+N36 -> 4750 | G36: =F36 -> 4750 | M36: 250 | N36: 350 | O36: 350 | P36: on top of Shanghai
B37: Zhapu | C37: Fremantle | D37: WAU | E37: =$E$8+M37 -> 2300 | F37: =$F$8+N37 -> 4525 | G37: =F37 -> 4525 | M37: 100 | N37: 125 | O37: 125 | P37: on top of Ningbo
A38: Fujian | B38: Xiamen | C38: Fremantle | D38: WAU | E38: =E6 -> 2200 | F38: =F6 -> 4400 | G38: =F38 -> 4400 | H38: =H6 -> 2300 | I38: =I6 -> 4600 | J38: =J6 -> 1900 | K38: =K6
B39: Fuqing | C39: Fremantle | D39: WAU | E39: =$E$38+M39 -> 2300 | F39: =$F$38+N39 -> 4600 | G39: =F39 -> 4600 | M39: 100 | N39: 200 | O39: 200
B40: Fuzhou | C40: Fremantle | D40: WAU | E40: =$E$38+M40 -> 2450 | F40: =$F$38+N40 -> 4900 | G40: =F40 -> 4900 | M40: 250 | N40: 500 | O40: 500
B41: Mawei | C41: Fremantle | D41: WAU | E41: =$E$38+M41 -> 2450 | F41: =$F$38+N41 -> 4900 | G41: =F41 -> 4900 | M41: 250 | N41: 500 | O41: 500
A42: South China | B42: Hong Kong | C42: Fremantle | D42: WAU | E42: =E6 -> 2200 | F42: =F6 -> 4400 | G42: =F42 -> 4400 | H42: =H6 -> 2300 | I42: =I6 -> 4600 | J42: =J6 -> 1900 | K42: =K6
B43: Yantian | C43: Fremantle | D43: WAU | E43: =E6 -> 2200 | F43: =F6 -> 4400 | G43: =F43 -> 4400 | H43: =H6 -> 2300 | I43: =I6 -> 4600 | J43: =J6 -> 1900 | K43: =K6
B44: Shekou | C44: Fremantle | D44: WAU | E44: =E6 -> 2200 | F44: =F6 -> 4400 | G44: =F44 -> 4400 | H44: =H6 -> 2300 | I44: =I6 -> 4600 | J44: =J6 -> 1900 | K44: =K6
B45: Huangpu | C45: Fremantle | D45: WAU | E45: =E43+M45 -> 2300 | F45: =F43+N45 -> 4500 | G45: =F45 -> 4500 | M45: 100 | N45: 100 | O45: 100 | P45: on top of Hong Kong
B46: Ganzhou (CNGAN) | C46: Fremantle | D46: WAU | E46: =E43+M46 -> 2660 | F46: =F43+N46 -> 5000 | G46: =G43+O46 -> 5000 | M46: 460 | N46: 600 | O46: 600 | P46: on top of Yantian
B47: Zhuzhou (CNZUU) | C47: Fremantle | D47: WAU | E47: =E43+M47 -> 2700 | F47: =F43+N47 -> 5050 | G47: =G43+O47 -> 5050 | M47: 500 | N47: 650 | O47: 650 | P47: on top of Yantian
B48: PRDA* | C48: Fremantle | D48: WAU | E48: =E43+M48 -> 2350 | F48: =F43+N48 -> 4600 | G48: =F48 -> 4600 | M48: 150 | N48: 200 | O48: 200 | P48: on top of Hong Kong
B49: PRDB* | C49: Fremantle | D49: WAU | E49: =E43+M49 -> 2400 | F49: =F43+N49 -> 4700 | G49: =F49 -> 4700 | M49: 200 | N49: 300 | O49: 300 | P49: on top of Hong Kong
A50: Korea | B50: Busan | C50: Fremantle | D50: WAU | E50: =E6 -> 2200 | F50: =F6 -> 4400 | G50: =F50 -> 4400 | H50: =H6 -> 2300 | I50: =I6 -> 4600 | J50: =J6 -> 1900 | K50: =K6
A51: Taiwan (include ISL) | B51: Kaohsiung | C51: Fremantle | D51: WAU | E51: =E6 -> 2200 | F51: =F6 -> 4400 | G51: =F51 -> 4400 | H51: =H6 -> 2300 | I51: =I6 -> 4600 | J51: =J6 -> 1900 | K51: =K6
B52: Keelung (Direct POL) | C52: Fremantle | D52: WAU | E52: =E6 -> 2200 | F52: =F6 -> 4400 | G52: =F52 -> 4400 | H52: =H6 -> 2300 | I52: =I6 -> 4600 | J52: =J6 -> 1900 | K52: =K6
B53: Taichung | C53: Fremantle | D53: WAU | E53: =E51+M53 -> 2350 | F53: =F51+N53 -> 4600 | G53: =F53 -> 4600 | H53: =H51+200 -> 2500 | I53: =I51+300 -> 4900 | J53: =J51+200 -> 2100 | M53: 150 | N53: 200 | O53: 200 | P53: on top of Kaohsiung
B54: Taoyuan | C54: Fremantle | D54: WAU | E54: =E51+M54 -> 2350 | F54: =F51+N54 -> 4600 | G54: =F54 -> 4600 | H54: =H53 -> 2500 | I54: =I53 -> 4900 | J54: =J53 -> 2100 | M54: 150 | N54: 200 | O54: 200 | P54: on top of Kaohsiung
A56: PRDA: | B56: Beijiao, Gaoming, Gongyi, Guangzhou, Huadu, Jiangmen, Leliu, Lian Hua Shan, Liudu, Longhua, Nansha, Rongqi, Sanshan, Sanshui, Shantou, Xiaolan, Xinhui, Zhongshan, Zhuhai
A57: PRDB: | B57: Beihai, Dongguan, Doumen, Fangcheng, Gaolan, Haikou (Hainan), Heshan, Jiujiang (CNJJG), Nangang, Nanhai, Qingyuan, Qinzhou, Sanbu, Kaiping, Sihui (Mafang), Wuzhou, Yunfu, Zhanjiang, Zhaoqing
A58: Ganzhou/Nanchang/Chongqing/Zhuzhou/Guiyang (Rail): | B58: D2 must be moved in pairs, odd number of D2 containers are prohibited
A60: Surcharges
E61: 20' | F61: 40' | G61: 40'HC | H61: 20'RF | I61: 40'HC RF | J61: 20'NOR | K61: 40'HC NOR
A62: OBS | B62: ONE Bunker Surcharge | E62: included | F62: included | G62: included | H62: included | I62: included | J62: included | K62: included
A63: THD | B63: Terminal Handling Destination | E63: ONE Tariff | F63: ONE Tariff | G63: ONE Tariff | H63: ONE Tariff | I63: ONE Tariff | J63: ONE Tariff | K63: ONE Tariff
A64: THL | B64: Terminal Handling Origin | E64: ONE Tariff | F64: ONE Tariff | G64: ONE Tariff | H64: ONE Tariff | I64: ONE Tariff | J64: ONE Tariff | K64: ONE Tariff
A65: LND | B65: Landside Charge | E65: ONE Tariff | F65: ONE Tariff | G65: ONE Tariff | H65: ONE Tariff | I65: ONE Tariff | J65: ONE Tariff | K65: ONE Tariff
A66: DOF | B66: Document Fee (Destination) | E66: ONE Tariff | F66: ONE Tariff | G66: ONE Tariff | H66: ONE Tariff | I66: ONE Tariff | J66: ONE Tariff | K66: ONE Tariff
A67: DOC | B67: Document Fee (Origin) | E67: ONE Tariff | F67: ONE Tariff | G67: ONE Tariff | H67: ONE Tariff | I67: ONE Tariff | J67: ONE Tariff | K67: ONE Tariff
A68: ISL | B68: International Security Fee at Local | E68: ONE Tariff | F68: ONE Tariff | G68: ONE Tariff | H68: ONE Tariff | I68: ONE Tariff | J68: ONE Tariff | K68: ONE Tariff
A70: Remarks:
A71: Rate incl OBS, EFS (ex KR & HK), PSS, subject to ISL/THL/THD/LND/DOC/DOF/EFS and all applicable surcharges as per ONE tariff
A72: Ex TW only: Rate incl OBS/ISL, PSS, subject to THL/THD/LND/DOC/DOF and all applicable surcharges as per ONE tariff
A73: For dry non-DG cargo only (*not accepting DG in Reefer)
A74: Flexi-tank add-on: USD100/TEU
A75: All Surcharges / Add-on above are subjected to change with our without notice
A76: Rate subject to any local charges both ends
A77: Booking acceptance subject to space , equipment availability, and ship planners acceptance
A78: Any other Pearl River Delta / Yangzhi River Delta
A81: HAZ Surcharges Table - w.e.f. 01 Apri 2025
A82: Direct loading shipment: HAZ add-on
A83: Via SIN shipment: HAZ add-on + PSA add-on
A85: HAZ | B85: DG Class | C85: D20 | D85: D40 | E85: 40HC | F85: Remarks
A86: For All DG cargoes Direct load and via Singapore | B86: CLASS 1 | C86: Do not accept
B87: CLASS 2.1/2.2/2.3 | C87: USD 300 | D87: USD 600 | E87: USD 600
B88: CLASS 3 | C88: USD 150 | D88: USD 300 | E88: USD 300
B89: CLASS 4 | C89: USD 150 | D89: USD 300 | E89: USD 300
B90: CLASS 5 | C90: USD 300 | D90: USD 600 | E90: USD 600
B91: CLASS 6 | C91: USD 150 | D91: USD 300 | E91: USD 300
B92: CLASS 7 | C92: Do not accept
B93: CLASS 8 | C93: USD 150 | D93: USD 300 | E93: USD 300
B94: CLASS 9 | C94: USD 150 | D94: USD 300 | E94: USD 300
A95: ** All HAZ shipment is subject to DG desk approval & vessel operator's acceptance.
A97: PSA Add-on | B97: PSA Group | C97: D20 | D97: D40 | E97: 40HC | F97: Remarks
A98: An addon applicable for Singapore transhipment | B98: PSA group 1/1D/2 | C98: USD 538 | D98: USD 753 | E98: USD 753
B99: PSA group 2S/2B/2F | C99: USD 269 | D99: USD 538 | E99: USD 538
B100: PSA group 1S/2A | C100: USD 430 | D100: USD 591 | E100: USD 591
B101: PSA group 3 | C101: USD 0 | D101: USD 0 | E101: USD 0
A102: ** All HAZ shipment is subject to DG desk approval & vessel operator's acceptance.
A104: Plesae always refer to BACS for the latest SOP.
A106: Pharmaceutical Addon | I106: VALID fm 01 Oct 2025 to end Mar 2027
A108: PREMIUM Add-on | C108: New | F108: PREMIUM
A109: CARGO VALUE | C109: ONE TARIFF (per unit) | F109: CARGO VALUE | H109: ONE ADD-ON
A110: (USD) | C110: (USD) | F110: (USD) | H110: (USD)
A111: Value Range > USD 500,000 - subject to approval | C111: 600 | F111: VALUE > USD7 MILLION CHECK WITH GHQ INS
...

Sheet ex NEA to AUADL 
A1: ONE Minimum Rate Guideline
A3: Validity: | B3: ='ex NEA to AUFRE'!B3 -> 15 Aug to 31 Aug 2026 | J3: ISSUE DATE: | K3: ='ex NEA to AUFRE'!J3 -> 46241
B4: POL | C4: POD | D4: Service | E4: 20' | F4: 40' | G4: 40'HC | H4: 20'Reefer | I4: 40'HC Reefer | J4: 20'NOR | K4: 40'HC NOR
E5: USD | F5: USD | G5: USD | H5: USD | I5: USD | J5: USD | K5: USD
A6: China | B6: Qingdao | C6: Adelaide | D6: AU1 | E6: ='ex NEA to AUFRE'!E6+50 -> 2250 | F6: =E6*2 -> 4500 | G6: =F6 -> 4500 | H6: =E6+150 -> 2400 | I6: =G6+300 -> 4800 | J6: ='ex NEA to AUFRE'!J6+50 -> 1950
B7: Shanghai | C7: Adelaide | D7: AU1 | E7: =E6 -> 2250 | F7: =F6 -> 4500 | G7: =F7 -> 4500 | H7: =H6 -> 2400 | I7: =I6 -> 4800 | J7: =J6 -> 1950
B8: Ningbo | C8: Adelaide | D8: AU1 | E8: =E6 -> 2250 | F8: =F6 -> 4500 | G8: =F8 -> 4500 | H8: =H6 -> 2400 | I8: =I6 -> 4800 | J8: =J6 -> 1950
B9: Xingang | C9: Adelaide | D9: AU1 | E9: =E6 -> 2250 | F9: =F6 -> 4500 | G9: =F9 -> 4500 | H9: =H6 -> 2400 | I9: =I6 -> 4800 | J9: =J6 -> 1950
B10: Dalian | C10: Adelaide | D10: AU1 | E10: =E6+M10 -> 2450 | F10: =F6+N10 -> 4700 | G10: =F10 -> 4700 | M10: 200 | N10: 200 | O10: 200 | P10: on top of Qingdao
B11: Changsha | C11: Adelaide | D11: AU1 | E11: =$E$7+M11 -> 2650 | F11: =$F$7+N11 -> 5200 | G11: =F11 -> 5200 | M11: 400 | N11: 700 | O11: 700 | P11: on top of Shanghai
B12: Changshu | C12: Adelaide | D12: AU1 | E12: =$E$7+M12 -> 2450 | F12: =$F$7+N12 -> 4700 | G12: =F12 -> 4700 | M12: 200 | N12: 200 | O12: 200 | P12: on top of Shanghai
B13: Changzhou | C13: Adelaide | D13: AU1 | E13: =$E$7+M13 -> 2500 | F13: =$F$7+N13 -> 4900 | G13: =F13 -> 4900 | M13: 250 | N13: 400 | O13: 400 | P13: on top of Shanghai
B14: Chengdu | C14: Adelaide | D14: AU1 | E14: =$E$7+M14 -> 3750 | F14: =$F$7+N14 -> 7000 | G14: =F14 -> 7000 | M14: 1500 | N14: 2500 | O14: 2500 | P14: on top of Shanghai
B15: Chengdu (via CNYTN by rail) | C15: Adelaide | D15: AU1 | F15: =F43+N15 -> 5550 | G15: =F15 -> 5550 | N15: 1050 | O15: 1050 | P15: on top of Yantian
B16: Chongqing (via CNSHA) | C16: Adelaide | D16: AU1 | E16: =$E$7+M16 -> 2600 | F16: =$F$7+N16 -> 5400 | G16: =F16 -> 5400 | M16: 350 | N16: 900 | O16: 900 | P16: on top of Shanghai
B17: Chongqing (via CNYTN by rail) | C17: Adelaide | D17: AU1 | E17: =E43+M17 -> 3250 | F17: =F44+N17 -> 5450 | G17: =F17 -> 5450 | M17: 1000 | N17: 950 | O17: 950 | P17: on top of Yantian
B18: Guiyang (via CNYTN by rail) | C18: Adelaide | D18: AU1 | E18: =E42+900 -> 3150 | F18: =F42+1000 -> 5500 | G18: =G42+1000 -> 5500
B19: Jiangyin | C19: Adelaide | D19: AU1 | E19: =$E$7+M19 -> 2450 | F19: =$F$7+N19 -> 4750 | G19: =F19 -> 4750 | M19: 200 | N19: 250 | O19: 250 | P19: on top of Shanghai
B20: Jiujiang (CNJIU) | C20: Adelaide | D20: AU1 | E20: =$E$7+M20 -> 2600 | F20: =$F$7+N20 -> 5050 | G20: =F20 -> 5050 | M20: 350 | N20: 550 | O20: 550 | P20: on top of Shanghai
B21: Lianyungang | C21: Adelaide | D21: AU1 | E21: =$E$6+M21 -> 2350 | F21: =$F$6+N21 -> 4650 | G21: =F21 -> 4650 | M21: 100 | N21: 150 | O21: 150 | P21: on top of Qingdao
B22: Nanchang | C22: Adelaide | D22: AU1 | E22: =$E$7+M22 -> 2635 | F22: =$F$7+N22 -> 5150 | G22: =F22 -> 5150 | M22: 385 | N22: 650 | O22: 650 | P22: on top of Shanghai
B23: Nanchang (via CNYTN by rail) | C23: Adelaide | D23: AU1 | E23: =E43+M23 -> 2895 | F23: =F43+N23 -> 5325 | G23: =G43+O23 -> 5325 | M23: 645 | N23: 825 | O23: 825 | P23: on top of Yantian
B24: Nanjing | C24: Adelaide | D24: AU1 | E24: =$E$7+M24 -> 2500 | F24: =$F$7+N24 -> 4900 | G24: =F24 -> 4900 | M24: 250 | N24: 400 | O24: 400 | P24: on top of Shanghai
B25: Nantong | C25: Adelaide | D25: AU1 | E25: =$E$7+M25 -> 2500 | F25: =$F$7+N25 -> 4900 | G25: =F25 -> 4900 | M25: 250 | N25: 400 | O25: 400 | P25: on top of Shanghai
B26: Shidao | C26: Adelaide | D26: AU1 | E26: =$E$6+M26 -> 2450 | F26: =$F$6+N26 -> 4750 | G26: =F26 -> 4750 | M26: 200 | N26: 250 | O26: 250 | P26: on top of Qingdao
B27: Taicang | C27: Adelaide | D27: AU1 | E27: =$E$7+M27 -> 2450 | F27: =$F$7+N27 -> 4800 | G27: =F27 -> 4800 | M27: 200 | N27: 300 | O27: 300 | P27: on top of Shanghai
B28: Taizhou, Jiangsu | C28: Adelaide | D28: AU1 | E28: =$E$7+M28 -> 2500 | F28: =$F$7+N28 -> 4900 | G28: =F28 -> 4900 | M28: 250 | N28: 400 | O28: 400 | P28: on top of Shanghai
B29: Wenzhou | C29: Adelaide | D29: AU1 | E29: =$E$8+M29 -> 2450 | F29: =$F$8+N29 -> 4700 | G29: =F29 -> 4700 | M29: 200 | N29: 200 | O29: 200 | P29: on top of Ningbo
B30: Wuhan | C30: Adelaide | D30: AU1 | E30: =$E$7+M30 -> 2550 | F30: =$F$7+N30 -> 5075 | G30: =F30 -> 5075 | M30: 300 | N30: 575 | O30: 575 | P30: on top of Shanghai
B31: Wuhu | C31: Adelaide | D31: AU1 | E31: =$E$7+M31 -> 2550 | F31: =$F$7+N31 -> 4875 | G31: =F31 -> 4875 | M31: 300 | N31: 375 | O31: 375 | P31: on top of Shanghai
B32: Yangzhou | C32: Adelaide | D32: AU1 | E32: =$E$7+M32 -> 2525 | F32: =$F$7+N32 -> 4875 | G32: =F32 -> 4875 | M32: 275 | N32: 375 | O32: 375 | P32: on top of Shanghai
B33: Yantai | C33: Adelaide | D33: AU1 | E33: =$E$6+M33 -> 2450 | F33: =$F$6+N33 -> 4700 | G33: =F33 -> 4700 | M33: 200 | N33: 200 | O33: 200 | P33: on top of Qingdao
B34: Yueyang | C34: Adelaide | D34: AU1 | E34: =$E$7+M34 -> 2525 | F34: =$F$7+N34 -> 5175 | G34: =F34 -> 5175 | M34: 275 | N34: 675 | O34: 675 | P34: on top of Shanghai
B35: Zhangjiagang | C35: Adelaide | D35: AU1 | E35: =$E$7+M35 -> 2525 | F35: =$F$7+N35 -> 4875 | G35: =F35 -> 4875 | M35: 275 | N35: 375 | O35: 375 | P35: on top of Shanghai
B36: Zhenjiang | C36: Adelaide | D36: AU1 | E36: =$E$7+M36 -> 2500 | F36: =$F$7+N36 -> 4850 | G36: =F36 -> 4850 | M36: 250 | N36: 350 | O36: 350 | P36: on top of Shanghai
B37: Zhapu | C37: Adelaide | D37: AU1 | E37: =$E$8+M37 -> 2350 | F37: =$F$8+N37 -> 4625 | G37: =F37 -> 4625 | M37: 100 | N37: 125 | O37: 125 | P37: on top of Ningbo
A38: Fujian | B38: Xiamen | C38: Adelaide | D38: AU1 | E38: =E6 -> 2250 | F38: =F6 -> 4500 | G38: =F38 -> 4500 | H38: =H6 -> 2400 | I38: =I6 -> 4800 | J38: =J6 -> 1950 | K38: =K6
B39: Fuqing | C39: Adelaide | D39: AU1 | E39: =$E$38+M39 -> 2350 | F39: =$F$38+N39 -> 4700 | G39: =F39 -> 4700 | M39: 100 | N39: 200 | O39: 200
B40: Fuzhou | C40: Adelaide | D40: AU1 | E40: =$E$38+M40 -> 2500 | F40: =$F$38+N40 -> 5000 | G40: =F40 -> 5000 | M40: 250 | N40: 500 | O40: 500
B41: Mawei | C41: Adelaide | D41: AU1 | E41: =$E$38+M41 -> 2500 | F41: =$F$38+N41 -> 5000 | G41: =F41 -> 5000 | M41: 250 | N41: 500 | O41: 500
A42: South China | B42: Hong Kong | C42: Adelaide | D42: AU1 | E42: =E6 -> 2250 | F42: =F6 -> 4500 | G42: =F42 -> 4500 | H42: =H6 -> 2400 | I42: =I6 -> 4800 | J42: =J6 -> 1950 | K42: =K6
B43: Yantian | C43: Adelaide | D43: AU1 | E43: =E6 -> 2250 | F43: =F6 -> 4500 | G43: =F43 -> 4500 | H43: =H6 -> 2400 | I43: =I6 -> 4800 | J43: =J6 -> 1950 | K43: =K6
B44: Shekou | C44: Adelaide | D44: AU1 | E44: =E6 -> 2250 | F44: =F6 -> 4500 | G44: =F44 -> 4500 | H44: =H6 -> 2400 | I44: =I6 -> 4800 | J44: =J6 -> 1950 | K44: =K6
B45: Huangpu | C45: Adelaide | D45: AU1 | E45: =E42+M45 -> 2350 | F45: =F43+N45 -> 4600 | G45: =F45 -> 4600 | M45: 100 | N45: 100 | O45: 100 | P45: on top of Hong Kong
B46: Ganzhou (CNGAN) | C46: Adelaide | D46: AU1 | E46: =E43+M46 -> 2710 | F46: =F43+N46 -> 5100 | G46: =F46 -> 5100 | M46: 460 | N46: 600 | O46: 600 | P46: on top of Yantian
B47: Zhuzhou (CNZUU) | C47: Adelaide | D47: AU1 | E47: =E43+M47 -> 2750 | F47: =F43+N47 -> 5150 | G47: =G43+O47 -> 5150 | M47: 500 | N47: 650 | O47: 650 | P47: on top of Yantian
B48: PRDA* | C48: Adelaide | D48: AU1 | E48: =E43+M48 -> 2400 | F48: =F43+N48 -> 4700 | G48: =F48 -> 4700 | M48: 150 | N48: 200 | O48: 200 | P48: on top of Hong Kong
B49: PRDB* | C49: Adelaide | D49: AU1 | E49: =E43+M49 -> 2450 | F49: =F43+N49 -> 4800 | G49: =F49 -> 4800 | M49: 200 | N49: 300 | O49: 300 | P49: on top of Hong Kong
A50: Korea | B50: Busan | C50: Adelaide | D50: AU1 | E50: =E6 -> 2250 | F50: =F6 -> 4500 | G50: =F50 -> 4500 | H50: =H6 -> 2400 | I50: =I6 -> 4800 | J50: =J6 -> 1950 | K50: =K6
A51: Taiwan (include ISL) | B51: Kaohsiung | C51: Adelaide | D51: AU1 | E51: =E6 -> 2250 | F51: =F6 -> 4500 | G51: =F51 -> 4500 | H51: =H6 -> 2400 | I51: =I6 -> 4800 | J51: =J6 -> 1950 | K51: =K6
B52: ='ex NEA to AUFRE'!B52 -> Keelung (Direct POL) | C52: Adelaide | D52: AU1 | E52: =E6 -> 2250 | F52: =F6 -> 4500 | G52: =F52 -> 4500 | H52: =H6 -> 2400 | I52: =I6 -> 4800 | J52: =J6 -> 1950 | K52: =K6
B53: Taichung | C53: Adelaide | D53: AU1 | E53: =E51+M53 -> 2400 | F53: =F51+N53 -> 4700 | G53: =F53 -> 4700 | H53: =H51+200 -> 2600 | I53: =I51+300 -> 5100 | J53: =J51+200 -> 2150 | M53: 150 | N53: 200 | O53: 200 | P53: on top of Kaohsiung
B54: Taoyuan | C54: Adelaide | D54: AU1 | E54: =E51+M54 -> 2400 | F54: =F51+N54 -> 4700 | G54: =F54 -> 4700 | H54: =H53 -> 2600 | I54: =I53 -> 5100 | J54: =J53 -> 2150 | M54: 150 | N54: 200 | O54: 200 | P54: on top of Kaohsiung
A56: PRDA: | B56: Beijiao, Gaoming, Gongyi, Guangzhou, Huadu, Jiangmen, Leliu, Lian Hua Shan, Liudu, Longhua, Nansha, Rongqi, Sanshan, Sanshui, Shantou, Xiaolan, Xinhui, Zhongshan, Zhuhai
A57: PRDB: | B57: Beihai, Dongguan, Doumen, Fangcheng, Gaolan, Haikou (Hainan), Heshan, Jiujiang (CNJJG), Nangang, Nanhai, Qingyuan, Qinzhou, Sanbu, Kaiping, Sihui (Mafang), Wuzhou, Yunfu, Zhanjiang, Zhaoqing
A58: Ganzhou/Nanchang/Chongqing/Zhuzhou/Guiyang (Rail) | B58: D2 must be moved in pairs, odd number of D2 containers are prohibited
A60: Surcharges
E61: 20' | F61: 40' | G61: 40'HC | H61: 20'RF | I61: 40'HC RF | J61: 20'NOR | K61: 40'HC NOR
A62: OBS | B62: ONE Bunker Surcharge | E62: ='ex NEA to AUFRE'!E62 -> included | F62: ='ex NEA to AUFRE'!F62 -> included | G62: ='ex NEA to AUFRE'!G62 -> included | H62: ='ex NEA to AUFRE'!H62 -> included | I62: ='ex NEA to AUFRE'!I62 -> included | J62: included | K62: included
A63: THD | B63: Terminal Handling Destination | E63: ONE Tariff | F63: ONE Tariff | G63: ONE Tariff | H63: ONE Tariff | I63: ONE Tariff | J63: ONE Tariff | K63: ONE Tariff
A64: THL | B64: Terminal Handling Origin | E64: ONE Tariff | F64: ONE Tariff | G64: ONE Tariff | H64: ONE Tariff | I64: ONE Tariff | J64: ONE Tariff | K64: ONE Tariff
A65: LND | B65: Landside Charge | E65: ONE Tariff | F65: ONE Tariff | G65: ONE Tariff | H65: ONE Tariff | I65: ONE Tariff | J65: ONE Tariff | K65: ONE Tariff
A66: DOF | B66: Document Fee (Destination) | E66: ONE Tariff | F66: ONE Tariff | G66: ONE Tariff | H66: ONE Tariff | I66: ONE Tariff | J66: ONE Tariff | K66: ONE Tariff
A67: DOC | B67: Document Fee (Origin) | E67: ONE Tariff | F67: ONE Tariff | G67: ONE Tariff | H67: ONE Tariff | I67: ONE Tariff | J67: ONE Tariff | K67: ONE Tariff
A68: ISL | B68: International Security Fee at Local | E68: ONE Tariff | F68: ONE Tariff | G68: ONE Tariff | H68: ONE Tariff | I68: ONE Tariff | J68: ONE Tariff | K68: ONE Tariff
A69: DRS | B69: Adelaide Channel Windening Levy - Applicable for import/export Adelaide only | E69: ONE Tariff | F69: ONE Tariff | G69: ONE Tariff | H69: ONE Tariff | I69: ONE Tariff | J69: ONE Tariff | K69: ONE Tariff
A71: Remarks:
A72: ='ex NEA to AUFRE'!A71 -> Rate incl OBS, EFS (ex KR & HK), PSS, subject to ISL/THL/THD/LND/DOC/DOF/EFS and all applicable surcharges as per ONE tariff
A73: ='ex NEA to AUFRE'!A72 -> Ex TW only: Rate incl OBS/ISL, PSS, subject to THL/THD/LND/DOC/DOF and all applicable surcharges as per ONE tariff
A74: For dry non-DG cargo only (*not accepting DG in Reefer)
A75: Flexi-tank add-on: USD100/TEU
A76: All Surcharges / Add-on above are subjected to change with our without notice
A77: Rate subject to any local charges both ends
A78: Booking acceptance subject to space , equipment availability, and ship planners acceptance
A79: Any other Pearl River Delta / Yangzhi River Delta
A82: HAZ Surcharges Table - w.e.f. 01 Apri 2025
A83: Direct loading shipment: HAZ add-on
A84: Via SIN shipment: HAZ add-on + PSA add-on
A86: HAZ | B86: DG Class | C86: D20 | D86: D40 | E86: 40HC | F86: Remarks
A87: For All DG cargoes Direct load and via Singapore | B87: CLASS 1 | C87: Do not accept
B88: CLASS 2.1/2.2/2.3 | C88: USD 300 | D88: USD 600 | E88: USD 600
B89: CLASS 3 | C89: USD 150 | D89: USD 300 | E89: USD 300
B90: CLASS 4 | C90: USD 150 | D90: USD 300 | E90: USD 300
B91: CLASS 5 | C91: USD 300 | D91: USD 600 | E91: USD 600
B92: CLASS 6 | C92: USD 150 | D92: USD 300 | E92: USD 300
B93: CLASS 7 | C93: Do not accept
B94: CLASS 8 | C94: USD 150 | D94: USD 300 | E94: USD 300
B95: CLASS 9 | C95: USD 150 | D95: USD 300 | E95: USD 300
A96: ** All HAZ shipment is subject to DG desk approval & vessel operator's acceptance.
A98: PSA Add-on | B98: PSA Group | C98: D20 | D98: D40 | E98: 40HC | F98: Remarks
A99: An addon applicable for Singapore transhipment | B99: PSA group 1/1D/2 | C99: USD 538 | D99: USD 753 | E99: USD 753
B100: PSA group 2S/2B/2F | C100: USD 269 | D100: USD 538 | E100: USD 538
B101: PSA group 1S/2A | C101: USD 430 | D101: USD 591 | E101: USD 591
B102: PSA group 3 | C102: USD 0 | D102: USD 0 | E102: USD 0
A103: ** All HAZ shipment is subject to DG desk approval & vessel operator's acceptance.
A105: Plesae always refer to BACS for the latest SOP.
A107: Pharmaceutical Addon | I107: VALID fm 01 Oct 2025 to end Mar 2027
A109: PREMIUM Add-on | C109: New | F109: PREMIUM
A110: CARGO VALUE | C110: ONE TARIFF (per unit) | F110: CARGO VALUE | H110: ONE ADD-ON
A111: (USD) | C111: (USD) | F111: (USD) | H111: (USD)
...
